id,stop,log_risk,alert_level
23798,38.0,-0.008026886153429065,ðŸ”´ High Risk â€“ Immediate intervention
27759,37.0,-0.013101590893587327,ðŸ”´ High Risk â€“ Immediate intervention
30091,34.0,0.008691557120441225,ðŸ”´ High Risk â€“ Immediate intervention
31014,16.0,0.008234799551249011,ðŸ”´ High Risk â€“ Immediate intervention
31849,38.0,-0.006570825432840123,ðŸ”´ High Risk â€“ Immediate intervention
37622,35.0,0.005797754204687495,ðŸ”´ High Risk â€“ Immediate intervention
38234,23.0,-0.003401940160064651,ðŸ”´ High Risk â€“ Immediate intervention
47855,14.0,-0.00425561731619695,ðŸ”´ High Risk â€“ Immediate intervention
48040,38.0,-0.008212882246227028,ðŸ”´ High Risk â€“ Immediate intervention
48503,35.0,0.0028776766408314747,ðŸ”´ High Risk â€“ Immediate intervention
51301,6.0,-0.021880119100051342,ðŸ”´ High Risk â€“ Immediate intervention
52797,34.0,-0.007880284655938017,ðŸ”´ High Risk â€“ Immediate intervention
52899,36.0,-0.008359483743718065,ðŸ”´ High Risk â€“ Immediate intervention
55026,34.0,0.0034039317743662667,ðŸ”´ High Risk â€“ Immediate intervention
56340,3.0,-0.008734966239539874,ðŸ”´ High Risk â€“ Immediate intervention
56789,34.0,-0.011334398599070636,ðŸ”´ High Risk â€“ Immediate intervention
57079,37.0,-0.008725987487445479,ðŸ”´ High Risk â€“ Immediate intervention
63044,15.0,0.021543019234857224,ðŸ”´ High Risk â€“ Immediate intervention
68556,13.0,-0.007806983907192551,ðŸ”´ High Risk â€“ Immediate intervention
73489,37.0,0.022575205910276126,ðŸ”´ High Risk â€“ Immediate intervention
74585,37.0,-0.00826374147638475,ðŸ”´ High Risk â€“ Immediate intervention
78255,6.0,0.007294359899746023,ðŸ”´ High Risk â€“ Immediate intervention
80717,38.0,0.006076664882642464,ðŸ”´ High Risk â€“ Immediate intervention
84812,38.0,0.008601303294976388,ðŸ”´ High Risk â€“ Immediate intervention
86291,25.0,-0.010533578804738779,ðŸ”´ High Risk â€“ Immediate intervention
90243,37.0,-0.0073876228016644665,ðŸ”´ High Risk â€“ Immediate intervention
96475,23.0,-0.006995187229123458,ðŸ”´ High Risk â€“ Immediate intervention
97567,34.0,0.0039903377643302484,ðŸ”´ High Risk â€“ Immediate intervention
98268,34.0,0.008894506289958288,ðŸ”´ High Risk â€“ Immediate intervention
98720,29.0,-0.008212882246227028,ðŸ”´ High Risk â€“ Immediate intervention
100282,5.0,0.012547591341269202,ðŸ”´ High Risk â€“ Immediate intervention
105527,35.0,-0.0028968092434710105,ðŸ”´ High Risk â€“ Immediate intervention
105851,35.0,-0.008212882246227028,ðŸ”´ High Risk â€“ Immediate intervention
105883,37.0,-0.008043839230148212,ðŸ”´ High Risk â€“ Immediate intervention
106588,35.0,0.006482563221677055,ðŸ”´ High Risk â€“ Immediate intervention
108118,34.0,-0.00916579197991846,ðŸ”´ High Risk â€“ Immediate intervention
108760,34.0,-0.00740108556815799,ðŸ”´ High Risk â€“ Immediate intervention
109372,37.0,0.006133012554668798,ðŸ”´ High Risk â€“ Immediate intervention
109782,22.0,-0.005714175662706642,ðŸ”´ High Risk â€“ Immediate intervention
111942,37.0,0.012497737558449587,ðŸ”´ High Risk â€“ Immediate intervention
119898,35.0,0.00710138216662809,ðŸ”´ High Risk â€“ Immediate intervention
123716,36.0,-0.00447900987265916,ðŸ”´ High Risk â€“ Immediate intervention
124909,38.0,-0.0011999151385873258,ðŸ”´ High Risk â€“ Immediate intervention
128386,13.0,-0.008596339066673717,ðŸ”´ High Risk â€“ Immediate intervention
128889,38.0,0.005253403569722906,ðŸ”´ High Risk â€“ Immediate intervention
131051,37.0,-0.003505656752022842,ðŸ”´ High Risk â€“ Immediate intervention
132626,18.0,0.006645630044773823,ðŸ”´ High Risk â€“ Immediate intervention
134563,38.0,0.011155882562442862,ðŸ”´ High Risk â€“ Immediate intervention
138289,32.0,0.014184647463900846,ðŸ”´ High Risk â€“ Immediate intervention
138920,17.0,0.022575205910276126,ðŸ”´ High Risk â€“ Immediate intervention
139549,35.0,0.005670766543607984,ðŸ”´ High Risk â€“ Immediate intervention
141949,38.0,-0.008303136071691766,ðŸ”´ High Risk â€“ Immediate intervention
146165,34.0,-0.004430148774144478,ðŸ”´ High Risk â€“ Immediate intervention
146600,36.0,0.000774884196913388,ðŸ”´ High Risk â€“ Immediate intervention
151800,13.0,-0.022968165696383082,ðŸ”´ High Risk â€“ Immediate intervention
151917,34.0,-0.022691915778120415,ðŸ”´ High Risk â€“ Immediate intervention
152867,2.0,0.0085449556229501,ðŸ”´ High Risk â€“ Immediate intervention
153704,27.0,-0.01431299684353183,ðŸ”´ High Risk â€“ Immediate intervention
154011,34.0,-0.02322746253792668,ðŸ”´ High Risk â€“ Immediate intervention
154570,16.0,0.013327479997542807,ðŸ”´ High Risk â€“ Immediate intervention
156311,34.0,-0.013279612661760504,ðŸ”´ High Risk â€“ Immediate intervention
157060,34.0,0.008894506289958288,ðŸ”´ High Risk â€“ Immediate intervention
157795,37.0,-0.010144633542423542,ðŸ”´ High Risk â€“ Immediate intervention
161491,35.0,-0.009800571317283928,ðŸ”´ High Risk â€“ Immediate intervention
165823,1.0,-0.022742775008278038,ðŸ”´ High Risk â€“ Immediate intervention
169213,33.0,-0.008151046132332144,ðŸ”´ High Risk â€“ Immediate intervention
174222,34.0,-0.022985118773102328,ðŸ”´ High Risk â€“ Immediate intervention
174440,31.0,-0.008937915409057142,ðŸ”´ High Risk â€“ Immediate intervention
174487,34.0,-0.0057495622515633515,ðŸ”´ High Risk â€“ Immediate intervention
178738,15.0,0.012660286685321839,ðŸ”´ High Risk â€“ Immediate intervention
178963,36.0,-0.008506085241209082,ðŸ”´ High Risk â€“ Immediate intervention
179254,13.0,-0.022765216526865837,ðŸ”´ High Risk â€“ Immediate intervention
182661,13.0,-0.025697246476685635,ðŸ”´ High Risk â€“ Immediate intervention
188026,30.0,-0.018475354006546776,ðŸ”´ High Risk â€“ Immediate intervention
189095,22.0,-0.010076821235546594,ðŸ”´ High Risk â€“ Immediate intervention
191269,36.0,-0.00914086457857447,ðŸ”´ High Risk â€“ Immediate intervention
193215,9.0,-0.02309781411715494,ðŸ”´ High Risk â€“ Immediate intervention
195096,37.0,-0.008703545968857678,ðŸ”´ High Risk â€“ Immediate intervention
195938,31.0,0.006482563221677055,ðŸ”´ High Risk â€“ Immediate intervention
197240,34.0,0.00759256358548334,ðŸ”´ High Risk â€“ Immediate intervention
197412,37.0,0.005157661302389537,ðŸ”´ High Risk â€“ Immediate intervention
197759,38.0,-0.005574543042502606,ðŸ”´ High Risk â€“ Immediate intervention
198339,7.0,-0.007677335486420743,ðŸ”´ High Risk â€“ Immediate intervention
199029,38.0,-0.004699429815120388,ðŸ”´ High Risk â€“ Immediate intervention
199663,32.0,0.026797256123718388,ðŸ”´ High Risk â€“ Immediate intervention
202879,4.0,0.022265049838574948,ðŸ”´ High Risk â€“ Immediate intervention
203640,37.0,,ðŸŸ¢ Very Low Risk â€“ No action
205788,37.0,,ðŸŸ¢ Very Low Risk â€“ No action
227416,23.0,,ðŸŸ¢ Very Low Risk â€“ No action
230081,37.0,,ðŸŸ¢ Very Low Risk â€“ No action
231959,24.0,,ðŸŸ¢ Very Low Risk â€“ No action
233317,34.0,,ðŸŸ¢ Very Low Risk â€“ No action
233752,38.0,,ðŸŸ¢ Very Low Risk â€“ No action
233957,33.0,,ðŸŸ¢ Very Low Risk â€“ No action
234929,35.0,,ðŸŸ¢ Very Low Risk â€“ No action
240993,36.0,,ðŸŸ¢ Very Low Risk â€“ No action
241338,17.0,,ðŸŸ¢ Very Low Risk â€“ No action
242149,14.0,,ðŸŸ¢ Very Low Risk â€“ No action
242893,18.0,,ðŸŸ¢ Very Low Risk â€“ No action
243851,38.0,,ðŸŸ¢ Very Low Risk â€“ No action
243909,3.0,,ðŸŸ¢ Very Low Risk â€“ No action
243992,34.0,,ðŸŸ¢ Very Low Risk â€“ No action
245987,26.0,,ðŸŸ¢ Very Low Risk â€“ No action
247902,37.0,,ðŸŸ¢ Very Low Risk â€“ No action
248653,36.0,,ðŸŸ¢ Very Low Risk â€“ No action
248716,38.0,,ðŸŸ¢ Very Low Risk â€“ No action
248800,3.0,,ðŸŸ¢ Very Low Risk â€“ No action
251815,24.0,,ðŸŸ¢ Very Low Risk â€“ No action
252257,33.0,,ðŸŸ¢ Very Low Risk â€“ No action
252652,15.0,,ðŸŸ¢ Very Low Risk â€“ No action
253577,36.0,,ðŸŸ¢ Very Low Risk â€“ No action
256998,34.0,,ðŸŸ¢ Very Low Risk â€“ No action
258035,35.0,,ðŸŸ¢ Very Low Risk â€“ No action
260179,29.0,,ðŸŸ¢ Very Low Risk â€“ No action
261332,10.0,,ðŸŸ¢ Very Low Risk â€“ No action
261466,36.0,,ðŸŸ¢ Very Low Risk â€“ No action
262639,31.0,,ðŸŸ¢ Very Low Risk â€“ No action
264152,37.0,,ðŸŸ¢ Very Low Risk â€“ No action
264744,34.0,,ðŸŸ¢ Very Low Risk â€“ No action
265170,13.0,,ðŸŸ¢ Very Low Risk â€“ No action
266331,35.0,,ðŸŸ¢ Very Low Risk â€“ No action
266564,37.0,,ðŸŸ¢ Very Low Risk â€“ No action
266744,15.0,,ðŸŸ¢ Very Low Risk â€“ No action
268589,38.0,,ðŸŸ¢ Very Low Risk â€“ No action
269082,37.0,,ðŸŸ¢ Very Low Risk â€“ No action
269204,36.0,,ðŸŸ¢ Very Low Risk â€“ No action
270646,37.0,,ðŸŸ¢ Very Low Risk â€“ No action
272172,8.0,,ðŸŸ¢ Very Low Risk â€“ No action
272617,6.0,,ðŸŸ¢ Very Low Risk â€“ No action
274247,33.0,,ðŸŸ¢ Very Low Risk â€“ No action
274971,37.0,,ðŸŸ¢ Very Low Risk â€“ No action
276925,20.0,,ðŸŸ¢ Very Low Risk â€“ No action
277537,6.0,,ðŸŸ¢ Very Low Risk â€“ No action
277812,36.0,,ðŸŸ¢ Very Low Risk â€“ No action
278272,28.0,,ðŸŸ¢ Very Low Risk â€“ No action
278794,35.0,,ðŸŸ¢ Very Low Risk â€“ No action
280140,6.0,,ðŸŸ¢ Very Low Risk â€“ No action
280151,9.0,,ðŸŸ¢ Very Low Risk â€“ No action
282038,5.0,,ðŸŸ¢ Very Low Risk â€“ No action
282785,7.0,,ðŸŸ¢ Very Low Risk â€“ No action
284906,36.0,,ðŸŸ¢ Very Low Risk â€“ No action
285050,33.0,,ðŸŸ¢ Very Low Risk â€“ No action
286402,38.0,,ðŸŸ¢ Very Low Risk â€“ No action
286690,21.0,,ðŸŸ¢ Very Low Risk â€“ No action
287107,38.0,,ðŸŸ¢ Very Low Risk â€“ No action
287309,37.0,,ðŸŸ¢ Very Low Risk â€“ No action
287679,37.0,,ðŸŸ¢ Very Low Risk â€“ No action
289753,7.0,,ðŸŸ¢ Very Low Risk â€“ No action
289965,8.0,,ðŸŸ¢ Very Low Risk â€“ No action
290089,38.0,,ðŸŸ¢ Very Low Risk â€“ No action
291544,34.0,,ðŸŸ¢ Very Low Risk â€“ No action
292537,34.0,,ðŸŸ¢ Very Low Risk â€“ No action
293712,37.0,,ðŸŸ¢ Very Low Risk â€“ No action
293754,34.0,,ðŸŸ¢ Very Low Risk â€“ No action
293760,29.0,,ðŸŸ¢ Very Low Risk â€“ No action
301583,6.0,,ðŸŸ¢ Very Low Risk â€“ No action
301987,37.0,,ðŸŸ¢ Very Low Risk â€“ No action
303331,21.0,,ðŸŸ¢ Very Low Risk â€“ No action
303617,33.0,,ðŸŸ¢ Very Low Risk â€“ No action
304069,6.0,,ðŸŸ¢ Very Low Risk â€“ No action
305173,2.0,,ðŸŸ¢ Very Low Risk â€“ No action
305812,2.0,,ðŸŸ¢ Very Low Risk â€“ No action
305935,26.0,,ðŸŸ¢ Very Low Risk â€“ No action
306964,34.0,,ðŸŸ¢ Very Low Risk â€“ No action
307230,8.0,,ðŸŸ¢ Very Low Risk â€“ No action
308359,5.0,,ðŸŸ¢ Very Low Risk â€“ No action
308509,2.0,,ðŸŸ¢ Very Low Risk â€“ No action
308703,14.0,,ðŸŸ¢ Very Low Risk â€“ No action
308852,11.0,,ðŸŸ¢ Very Low Risk â€“ No action
310125,18.0,,ðŸŸ¢ Very Low Risk â€“ No action
310933,37.0,,ðŸŸ¢ Very Low Risk â€“ No action
314850,12.0,,ðŸŸ¢ Very Low Risk â€“ No action
315105,34.0,,ðŸŸ¢ Very Low Risk â€“ No action
316076,38.0,,ðŸŸ¢ Very Low Risk â€“ No action
318848,37.0,,ðŸŸ¢ Very Low Risk â€“ No action
319618,34.0,,ðŸŸ¢ Very Low Risk â€“ No action
320051,29.0,,ðŸŸ¢ Very Low Risk â€“ No action
320757,36.0,,ðŸŸ¢ Very Low Risk â€“ No action
322728,1.0,,ðŸŸ¢ Very Low Risk â€“ No action
323090,29.0,,ðŸŸ¢ Very Low Risk â€“ No action
323606,35.0,,ðŸŸ¢ Very Low Risk â€“ No action
324236,8.0,,ðŸŸ¢ Very Low Risk â€“ No action
324319,2.0,,ðŸŸ¢ Very Low Risk â€“ No action
324614,12.0,,ðŸŸ¢ Very Low Risk â€“ No action
325887,35.0,,ðŸŸ¢ Very Low Risk â€“ No action
329030,32.0,,ðŸŸ¢ Very Low Risk â€“ No action
329192,37.0,,ðŸŸ¢ Very Low Risk â€“ No action
332257,0.5,,ðŸŸ¢ Very Low Risk â€“ No action
333117,13.0,,ðŸŸ¢ Very Low Risk â€“ No action
333651,16.0,,ðŸŸ¢ Very Low Risk â€“ No action
335136,34.0,,ðŸŸ¢ Very Low Risk â€“ No action
335481,3.0,,ðŸŸ¢ Very Low Risk â€“ No action
336478,37.0,,ðŸŸ¢ Very Low Risk â€“ No action
336646,6.0,,ðŸŸ¢ Very Low Risk â€“ No action
337151,34.0,,ðŸŸ¢ Very Low Risk â€“ No action
338741,29.0,,ðŸŸ¢ Very Low Risk â€“ No action
339494,34.0,,ðŸŸ¢ Very Low Risk â€“ No action
339608,29.0,,ðŸŸ¢ Very Low Risk â€“ No action
340911,37.0,,ðŸŸ¢ Very Low Risk â€“ No action
340965,37.0,,ðŸŸ¢ Very Low Risk â€“ No action
342685,34.0,,ðŸŸ¢ Very Low Risk â€“ No action
344568,35.0,,ðŸŸ¢ Very Low Risk â€“ No action
345083,10.0,,ðŸŸ¢ Very Low Risk â€“ No action
345128,35.0,,ðŸŸ¢ Very Low Risk â€“ No action
349554,34.0,,ðŸŸ¢ Very Low Risk â€“ No action
349675,21.0,,ðŸŸ¢ Very Low Risk â€“ No action
352112,37.0,,ðŸŸ¢ Very Low Risk â€“ No action
352339,15.0,,ðŸŸ¢ Very Low Risk â€“ No action
352688,38.0,,ðŸŸ¢ Very Low Risk â€“ No action
354779,31.0,,ðŸŸ¢ Very Low Risk â€“ No action
360876,4.0,,ðŸŸ¢ Very Low Risk â€“ No action
364073,35.0,,ðŸŸ¢ Very Low Risk â€“ No action
364666,14.0,,ðŸŸ¢ Very Low Risk â€“ No action
364871,38.0,,ðŸŸ¢ Very Low Risk â€“ No action
365060,5.0,,ðŸŸ¢ Very Low Risk â€“ No action
365169,34.0,,ðŸŸ¢ Very Low Risk â€“ No action
365631,37.0,,ðŸŸ¢ Very Low Risk â€“ No action
366524,34.0,,ðŸŸ¢ Very Low Risk â€“ No action
367433,34.0,,ðŸŸ¢ Very Low Risk â€“ No action
368077,36.0,,ðŸŸ¢ Very Low Risk â€“ No action
369507,0.5,,ðŸŸ¢ Very Low Risk â€“ No action
369986,37.0,,ðŸŸ¢ Very Low Risk â€“ No action
370307,7.0,,ðŸŸ¢ Very Low Risk â€“ No action
370859,34.0,,ðŸŸ¢ Very Low Risk â€“ No action
371530,25.0,,ðŸŸ¢ Very Low Risk â€“ No action
371888,2.0,,ðŸŸ¢ Very Low Risk â€“ No action
372172,7.0,,ðŸŸ¢ Very Low Risk â€“ No action
372658,37.0,,ðŸŸ¢ Very Low Risk â€“ No action
373174,8.0,,ðŸŸ¢ Very Low Risk â€“ No action
373269,24.0,,ðŸŸ¢ Very Low Risk â€“ No action
373807,16.0,,ðŸŸ¢ Very Low Risk â€“ No action
373848,38.0,,ðŸŸ¢ Very Low Risk â€“ No action
374038,35.0,,ðŸŸ¢ Very Low Risk â€“ No action
375960,37.0,,ðŸŸ¢ Very Low Risk â€“ No action
378721,4.0,,ðŸŸ¢ Very Low Risk â€“ No action
379210,25.0,,ðŸŸ¢ Very Low Risk â€“ No action
379983,30.0,,ðŸŸ¢ Very Low Risk â€“ No action
380205,15.0,,ðŸŸ¢ Very Low Risk â€“ No action
380240,28.0,,ðŸŸ¢ Very Low Risk â€“ No action
381541,37.0,,ðŸŸ¢ Very Low Risk â€“ No action
381669,38.0,,ðŸŸ¢ Very Low Risk â€“ No action
382575,26.0,,ðŸŸ¢ Very Low Risk â€“ No action
382920,35.0,,ðŸŸ¢ Very Low Risk â€“ No action
382979,36.0,,ðŸŸ¢ Very Low Risk â€“ No action
383303,33.0,,ðŸŸ¢ Very Low Risk â€“ No action
383571,34.0,,ðŸŸ¢ Very Low Risk â€“ No action
385040,7.0,,ðŸŸ¢ Very Low Risk â€“ No action
385820,37.0,,ðŸŸ¢ Very Low Risk â€“ No action
386889,34.0,,ðŸŸ¢ Very Low Risk â€“ No action
387700,34.0,,ðŸŸ¢ Very Low Risk â€“ No action
388052,28.0,,ðŸŸ¢ Very Low Risk â€“ No action
388432,37.0,,ðŸŸ¢ Very Low Risk â€“ No action
388549,6.0,,ðŸŸ¢ Very Low Risk â€“ No action
388975,37.0,,ðŸŸ¢ Very Low Risk â€“ No action
389101,38.0,,ðŸŸ¢ Very Low Risk â€“ No action
389471,29.0,,ðŸŸ¢ Very Low Risk â€“ No action
390958,35.0,,ðŸŸ¢ Very Low Risk â€“ No action
392060,35.0,,ðŸŸ¢ Very Low Risk â€“ No action
392281,27.0,,ðŸŸ¢ Very Low Risk â€“ No action
393327,34.0,,ðŸŸ¢ Very Low Risk â€“ No action
395073,30.0,,ðŸŸ¢ Very Low Risk â€“ No action
395715,16.0,,ðŸŸ¢ Very Low Risk â€“ No action
396114,36.0,,ðŸŸ¢ Very Low Risk â€“ No action
398067,32.0,,ðŸŸ¢ Very Low Risk â€“ No action
398525,35.0,,ðŸŸ¢ Very Low Risk â€“ No action
398891,37.0,,ðŸŸ¢ Very Low Risk â€“ No action
398956,31.0,,ðŸŸ¢ Very Low Risk â€“ No action
402993,34.0,,ðŸŸ¢ Very Low Risk â€“ No action
404269,36.0,,ðŸŸ¢ Very Low Risk â€“ No action
404671,34.0,,ðŸŸ¢ Very Low Risk â€“ No action
404708,38.0,,ðŸŸ¢ Very Low Risk â€“ No action
405945,38.0,,ðŸŸ¢ Very Low Risk â€“ No action
408975,34.0,,ðŸŸ¢ Very Low Risk â€“ No action
409160,6.0,,ðŸŸ¢ Very Low Risk â€“ No action
409698,8.0,,ðŸŸ¢ Very Low Risk â€“ No action
409930,29.0,,ðŸŸ¢ Very Low Risk â€“ No action
409945,34.0,,ðŸŸ¢ Very Low Risk â€“ No action
410052,34.0,,ðŸŸ¢ Very Low Risk â€“ No action
410281,33.0,,ðŸŸ¢ Very Low Risk â€“ No action
410357,38.0,,ðŸŸ¢ Very Low Risk â€“ No action
410537,33.0,,ðŸŸ¢ Very Low Risk â€“ No action
410842,35.0,,ðŸŸ¢ Very Low Risk â€“ No action
411226,8.0,,ðŸŸ¢ Very Low Risk â€“ No action
411642,37.0,,ðŸŸ¢ Very Low Risk â€“ No action
413052,0.5,,ðŸŸ¢ Very Low Risk â€“ No action
414028,38.0,,ðŸŸ¢ Very Low Risk â€“ No action
414350,36.0,,ðŸŸ¢ Very Low Risk â€“ No action
414495,37.0,,ðŸŸ¢ Very Low Risk â€“ No action
415216,34.0,,ðŸŸ¢ Very Low Risk â€“ No action
415546,23.0,,ðŸŸ¢ Very Low Risk â€“ No action
417657,22.0,,ðŸŸ¢ Very Low Risk â€“ No action
417785,3.0,,ðŸŸ¢ Very Low Risk â€“ No action
419375,38.0,,ðŸŸ¢ Very Low Risk â€“ No action
420163,34.0,,ðŸŸ¢ Very Low Risk â€“ No action
420724,34.0,,ðŸŸ¢ Very Low Risk â€“ No action
421018,37.0,,ðŸŸ¢ Very Low Risk â€“ No action
422223,5.0,,ðŸŸ¢ Very Low Risk â€“ No action
422479,34.0,,ðŸŸ¢ Very Low Risk â€“ No action
423399,34.0,,ðŸŸ¢ Very Low Risk â€“ No action
424539,31.0,,ðŸŸ¢ Very Low Risk â€“ No action
424637,34.0,,ðŸŸ¢ Very Low Risk â€“ No action
426458,38.0,,ðŸŸ¢ Very Low Risk â€“ No action
427683,19.0,,ðŸŸ¢ Very Low Risk â€“ No action
427921,37.0,,ðŸŸ¢ Very Low Risk â€“ No action
428323,37.0,,ðŸŸ¢ Very Low Risk â€“ No action
428653,33.0,,ðŸŸ¢ Very Low Risk â€“ No action
429610,38.0,,ðŸŸ¢ Very Low Risk â€“ No action
430392,35.0,,ðŸŸ¢ Very Low Risk â€“ No action
430708,37.0,,ðŸŸ¢ Very Low Risk â€“ No action
431071,19.0,,ðŸŸ¢ Very Low Risk â€“ No action
432144,37.0,,ðŸŸ¢ Very Low Risk â€“ No action
432237,29.0,,ðŸŸ¢ Very Low Risk â€“ No action
433280,34.0,,ðŸŸ¢ Very Low Risk â€“ No action
433864,34.0,,ðŸŸ¢ Very Low Risk â€“ No action
434397,30.0,,ðŸŸ¢ Very Low Risk â€“ No action
434585,35.0,,ðŸŸ¢ Very Low Risk â€“ No action
438068,34.0,,ðŸŸ¢ Very Low Risk â€“ No action
438551,35.0,,ðŸŸ¢ Very Low Risk â€“ No action
439182,34.0,,ðŸŸ¢ Very Low Risk â€“ No action
439294,3.0,,ðŸŸ¢ Very Low Risk â€“ No action
440225,34.0,,ðŸŸ¢ Very Low Risk â€“ No action
440563,38.0,,ðŸŸ¢ Very Low Risk â€“ No action
440593,23.0,,ðŸŸ¢ Very Low Risk â€“ No action
440765,13.0,,ðŸŸ¢ Very Low Risk â€“ No action
442910,38.0,,ðŸŸ¢ Very Low Risk â€“ No action
443923,25.0,,ðŸŸ¢ Very Low Risk â€“ No action
444225,2.0,,ðŸŸ¢ Very Low Risk â€“ No action
444821,29.0,,ðŸŸ¢ Very Low Risk â€“ No action
444960,2.0,,ðŸŸ¢ Very Low Risk â€“ No action
445230,0.5,,ðŸŸ¢ Very Low Risk â€“ No action
445351,20.0,,ðŸŸ¢ Very Low Risk â€“ No action
445760,37.0,,ðŸŸ¢ Very Low Risk â€“ No action
446345,34.0,,ðŸŸ¢ Very Low Risk â€“ No action
446873,6.0,,ðŸŸ¢ Very Low Risk â€“ No action
447086,34.0,,ðŸŸ¢ Very Low Risk â€“ No action
447516,33.0,,ðŸŸ¢ Very Low Risk â€“ No action
464525,37.0,,ðŸŸ¢ Very Low Risk â€“ No action
465730,18.0,,ðŸŸ¢ Very Low Risk â€“ No action
466202,33.0,,ðŸŸ¢ Very Low Risk â€“ No action
466477,36.0,,ðŸŸ¢ Very Low Risk â€“ No action
466800,37.0,,ðŸŸ¢ Very Low Risk â€“ No action
466854,17.0,,ðŸŸ¢ Very Low Risk â€“ No action
467179,1.0,,ðŸŸ¢ Very Low Risk â€“ No action
467606,15.0,,ðŸŸ¢ Very Low Risk â€“ No action
468187,6.0,,ðŸŸ¢ Very Low Risk â€“ No action
468482,2.0,,ðŸŸ¢ Very Low Risk â€“ No action
469878,38.0,,ðŸŸ¢ Very Low Risk â€“ No action
470869,34.0,,ðŸŸ¢ Very Low Risk â€“ No action
471196,35.0,,ðŸŸ¢ Very Low Risk â€“ No action
471434,13.0,,ðŸŸ¢ Very Low Risk â€“ No action
471711,33.0,,ðŸŸ¢ Very Low Risk â€“ No action
472262,30.0,,ðŸŸ¢ Very Low Risk â€“ No action
472327,30.0,,ðŸŸ¢ Very Low Risk â€“ No action
474071,33.0,,ðŸŸ¢ Very Low Risk â€“ No action
475215,13.0,,ðŸŸ¢ Very Low Risk â€“ No action
475241,7.0,,ðŸŸ¢ Very Low Risk â€“ No action
475594,17.0,,ðŸŸ¢ Very Low Risk â€“ No action
476278,37.0,,ðŸŸ¢ Very Low Risk â€“ No action
476816,17.0,,ðŸŸ¢ Very Low Risk â€“ No action
477319,11.0,,ðŸŸ¢ Very Low Risk â€“ No action
477825,37.0,,ðŸŸ¢ Very Low Risk â€“ No action
478069,34.0,,ðŸŸ¢ Very Low Risk â€“ No action
478718,6.0,,ðŸŸ¢ Very Low Risk â€“ No action
478967,38.0,,ðŸŸ¢ Very Low Risk â€“ No action
479020,37.0,,ðŸŸ¢ Very Low Risk â€“ No action
479170,37.0,,ðŸŸ¢ Very Low Risk â€“ No action
479305,38.0,,ðŸŸ¢ Very Low Risk â€“ No action
479853,37.0,,ðŸŸ¢ Very Low Risk â€“ No action
480667,18.0,,ðŸŸ¢ Very Low Risk â€“ No action
480888,34.0,,ðŸŸ¢ Very Low Risk â€“ No action
482356,33.0,,ðŸŸ¢ Very Low Risk â€“ No action
482680,34.0,,ðŸŸ¢ Very Low Risk â€“ No action
482810,38.0,,ðŸŸ¢ Very Low Risk â€“ No action
483646,29.0,,ðŸŸ¢ Very Low Risk â€“ No action
483703,13.0,,ðŸŸ¢ Very Low Risk â€“ No action
483744,23.0,,ðŸŸ¢ Very Low Risk â€“ No action
483876,37.0,,ðŸŸ¢ Very Low Risk â€“ No action
484135,34.0,,ðŸŸ¢ Very Low Risk â€“ No action
484301,35.0,,ðŸŸ¢ Very Low Risk â€“ No action
484412,38.0,,ðŸŸ¢ Very Low Risk â€“ No action
485006,38.0,,ðŸŸ¢ Very Low Risk â€“ No action
485439,12.0,,ðŸŸ¢ Very Low Risk â€“ No action
485534,36.0,,ðŸŸ¢ Very Low Risk â€“ No action
485762,36.0,,ðŸŸ¢ Very Low Risk â€“ No action
485772,38.0,,ðŸŸ¢ Very Low Risk â€“ No action
486004,37.0,,ðŸŸ¢ Very Low Risk â€“ No action
486457,38.0,,ðŸŸ¢ Very Low Risk â€“ No action
487214,33.0,,ðŸŸ¢ Very Low Risk â€“ No action
487371,34.0,,ðŸŸ¢ Very Low Risk â€“ No action
487681,38.0,,ðŸŸ¢ Very Low Risk â€“ No action
488195,34.0,,ðŸŸ¢ Very Low Risk â€“ No action
488427,34.0,,ðŸŸ¢ Very Low Risk â€“ No action
489320,24.0,,ðŸŸ¢ Very Low Risk â€“ No action
489889,29.0,,ðŸŸ¢ Very Low Risk â€“ No action
490500,4.0,,ðŸŸ¢ Very Low Risk â€“ No action
490677,34.0,,ðŸŸ¢ Very Low Risk â€“ No action
490894,24.0,,ðŸŸ¢ Very Low Risk â€“ No action
491097,17.0,,ðŸŸ¢ Very Low Risk â€“ No action
491279,35.0,,ðŸŸ¢ Very Low Risk â€“ No action
491907,8.0,,ðŸŸ¢ Very Low Risk â€“ No action
491966,37.0,,ðŸŸ¢ Very Low Risk â€“ No action
492153,36.0,,ðŸŸ¢ Very Low Risk â€“ No action
492286,35.0,,ðŸŸ¢ Very Low Risk â€“ No action
492478,15.0,,ðŸŸ¢ Very Low Risk â€“ No action
492726,32.0,,ðŸŸ¢ Very Low Risk â€“ No action
493453,30.0,,ðŸŸ¢ Very Low Risk â€“ No action
493465,37.0,,ðŸŸ¢ Very Low Risk â€“ No action
493999,8.0,,ðŸŸ¢ Very Low Risk â€“ No action
494214,35.0,,ðŸŸ¢ Very Low Risk â€“ No action
494471,36.0,,ðŸŸ¢ Very Low Risk â€“ No action
494789,37.0,,ðŸŸ¢ Very Low Risk â€“ No action
494896,4.0,,ðŸŸ¢ Very Low Risk â€“ No action
494960,31.0,,ðŸŸ¢ Very Low Risk â€“ No action
495035,34.0,,ðŸŸ¢ Very Low Risk â€“ No action
495449,38.0,,ðŸŸ¢ Very Low Risk â€“ No action
495509,34.0,,ðŸŸ¢ Very Low Risk â€“ No action
495625,34.0,,ðŸŸ¢ Very Low Risk â€“ No action
495879,38.0,,ðŸŸ¢ Very Low Risk â€“ No action
495913,36.0,,ðŸŸ¢ Very Low Risk â€“ No action
496091,5.0,,ðŸŸ¢ Very Low Risk â€“ No action
496334,34.0,,ðŸŸ¢ Very Low Risk â€“ No action
496442,34.0,,ðŸŸ¢ Very Low Risk â€“ No action
496764,38.0,,ðŸŸ¢ Very Low Risk â€“ No action
497130,38.0,,ðŸŸ¢ Very Low Risk â€“ No action
497632,36.0,,ðŸŸ¢ Very Low Risk â€“ No action
498543,31.0,,ðŸŸ¢ Very Low Risk â€“ No action
498635,37.0,,ðŸŸ¢ Very Low Risk â€“ No action
498755,34.0,,ðŸŸ¢ Very Low Risk â€“ No action
498841,33.0,,ðŸŸ¢ Very Low Risk â€“ No action
498892,6.0,,ðŸŸ¢ Very Low Risk â€“ No action
499373,1.0,,ðŸŸ¢ Very Low Risk â€“ No action
499624,19.0,,ðŸŸ¢ Very Low Risk â€“ No action
499822,11.0,,ðŸŸ¢ Very Low Risk â€“ No action
500016,35.0,,ðŸŸ¢ Very Low Risk â€“ No action
500135,38.0,,ðŸŸ¢ Very Low Risk â€“ No action
500279,3.0,,ðŸŸ¢ Very Low Risk â€“ No action
500552,37.0,,ðŸŸ¢ Very Low Risk â€“ No action
500625,1.0,,ðŸŸ¢ Very Low Risk â€“ No action
500668,34.0,,ðŸŸ¢ Very Low Risk â€“ No action
501053,17.0,,ðŸŸ¢ Very Low Risk â€“ No action
501208,36.0,,ðŸŸ¢ Very Low Risk â€“ No action
501637,38.0,,ðŸŸ¢ Very Low Risk â€“ No action
501945,13.0,,ðŸŸ¢ Very Low Risk â€“ No action
503322,36.0,,ðŸŸ¢ Very Low Risk â€“ No action
503516,34.0,,ðŸŸ¢ Very Low Risk â€“ No action
503804,37.0,,ðŸŸ¢ Very Low Risk â€“ No action
503878,31.0,,ðŸŸ¢ Very Low Risk â€“ No action
504013,34.0,,ðŸŸ¢ Very Low Risk â€“ No action
504022,29.0,,ðŸŸ¢ Very Low Risk â€“ No action
504466,35.0,,ðŸŸ¢ Very Low Risk â€“ No action
504635,35.0,,ðŸŸ¢ Very Low Risk â€“ No action
505413,34.0,,ðŸŸ¢ Very Low Risk â€“ No action
505595,22.0,,ðŸŸ¢ Very Low Risk â€“ No action
506185,34.0,,ðŸŸ¢ Very Low Risk â€“ No action
506248,13.0,,ðŸŸ¢ Very Low Risk â€“ No action
506804,37.0,,ðŸŸ¢ Very Low Risk â€“ No action
506980,8.0,,ðŸŸ¢ Very Low Risk â€“ No action
507016,35.0,,ðŸŸ¢ Very Low Risk â€“ No action
507279,30.0,,ðŸŸ¢ Very Low Risk â€“ No action
507387,11.0,,ðŸŸ¢ Very Low Risk â€“ No action
507676,12.0,,ðŸŸ¢ Very Low Risk â€“ No action
508028,37.0,,ðŸŸ¢ Very Low Risk â€“ No action
508047,6.0,,ðŸŸ¢ Very Low Risk â€“ No action
508079,35.0,,ðŸŸ¢ Very Low Risk â€“ No action
508414,1.0,,ðŸŸ¢ Very Low Risk â€“ No action
508422,4.0,,ðŸŸ¢ Very Low Risk â€“ No action
508517,4.0,,ðŸŸ¢ Very Low Risk â€“ No action
508759,29.0,,ðŸŸ¢ Very Low Risk â€“ No action
509036,18.0,,ðŸŸ¢ Very Low Risk â€“ No action
509236,24.0,,ðŸŸ¢ Very Low Risk â€“ No action
509258,13.0,,ðŸŸ¢ Very Low Risk â€“ No action
509390,18.0,,ðŸŸ¢ Very Low Risk â€“ No action
509607,38.0,,ðŸŸ¢ Very Low Risk â€“ No action
509845,15.0,,ðŸŸ¢ Very Low Risk â€“ No action
509913,34.0,,ðŸŸ¢ Very Low Risk â€“ No action
510149,36.0,,ðŸŸ¢ Very Low Risk â€“ No action
510438,1.0,,ðŸŸ¢ Very Low Risk â€“ No action
510776,15.0,,ðŸŸ¢ Very Low Risk â€“ No action
511678,38.0,,ðŸŸ¢ Very Low Risk â€“ No action
512417,38.0,,ðŸŸ¢ Very Low Risk â€“ No action
512581,29.0,,ðŸŸ¢ Very Low Risk â€“ No action
512775,28.0,,ðŸŸ¢ Very Low Risk â€“ No action
512839,8.0,,ðŸŸ¢ Very Low Risk â€“ No action
512883,18.0,,ðŸŸ¢ Very Low Risk â€“ No action
512940,35.0,,ðŸŸ¢ Very Low Risk â€“ No action
512977,36.0,,ðŸŸ¢ Very Low Risk â€“ No action
513076,31.0,,ðŸŸ¢ Very Low Risk â€“ No action
513836,12.0,,ðŸŸ¢ Very Low Risk â€“ No action
514043,29.0,,ðŸŸ¢ Very Low Risk â€“ No action
514074,13.0,,ðŸŸ¢ Very Low Risk â€“ No action
514302,36.0,,ðŸŸ¢ Very Low Risk â€“ No action
514445,34.0,,ðŸŸ¢ Very Low Risk â€“ No action
514776,36.0,,ðŸŸ¢ Very Low Risk â€“ No action
514864,38.0,,ðŸŸ¢ Very Low Risk â€“ No action
515203,24.0,,ðŸŸ¢ Very Low Risk â€“ No action
515417,15.0,,ðŸŸ¢ Very Low Risk â€“ No action
515646,37.0,,ðŸŸ¢ Very Low Risk â€“ No action
515676,36.0,,ðŸŸ¢ Very Low Risk â€“ No action
516214,0.5,,ðŸŸ¢ Very Low Risk â€“ No action
516364,30.0,,ðŸŸ¢ Very Low Risk â€“ No action
516926,26.0,,ðŸŸ¢ Very Low Risk â€“ No action
517000,36.0,,ðŸŸ¢ Very Low Risk â€“ No action
517016,2.0,,ðŸŸ¢ Very Low Risk â€“ No action
517231,38.0,,ðŸŸ¢ Very Low Risk â€“ No action
517352,37.0,,ðŸŸ¢ Very Low Risk â€“ No action
517553,13.0,,ðŸŸ¢ Very Low Risk â€“ No action
518029,2.0,,ðŸŸ¢ Very Low Risk â€“ No action
518126,36.0,,ðŸŸ¢ Very Low Risk â€“ No action
518223,35.0,,ðŸŸ¢ Very Low Risk â€“ No action
518258,36.0,,ðŸŸ¢ Very Low Risk â€“ No action
518496,38.0,,ðŸŸ¢ Very Low Risk â€“ No action
519294,34.0,,ðŸŸ¢ Very Low Risk â€“ No action
519584,37.0,,ðŸŸ¢ Very Low Risk â€“ No action
519622,36.0,,ðŸŸ¢ Very Low Risk â€“ No action
520002,38.0,,ðŸŸ¢ Very Low Risk â€“ No action
520006,33.0,,ðŸŸ¢ Very Low Risk â€“ No action
520024,23.0,,ðŸŸ¢ Very Low Risk â€“ No action
520100,20.0,,ðŸŸ¢ Very Low Risk â€“ No action
520286,36.0,,ðŸŸ¢ Very Low Risk â€“ No action
520325,34.0,,ðŸŸ¢ Very Low Risk â€“ No action
521341,36.0,,ðŸŸ¢ Very Low Risk â€“ No action
521509,34.0,,ðŸŸ¢ Very Low Risk â€“ No action
521590,37.0,,ðŸŸ¢ Very Low Risk â€“ No action
521666,25.0,,ðŸŸ¢ Very Low Risk â€“ No action
521895,34.0,,ðŸŸ¢ Very Low Risk â€“ No action
521957,19.0,,ðŸŸ¢ Very Low Risk â€“ No action
522426,37.0,,ðŸŸ¢ Very Low Risk â€“ No action
522434,37.0,,ðŸŸ¢ Very Low Risk â€“ No action
522441,37.0,,ðŸŸ¢ Very Low Risk â€“ No action
522443,37.0,,ðŸŸ¢ Very Low Risk â€“ No action
522446,37.0,,ðŸŸ¢ Very Low Risk â€“ No action
522529,37.0,,ðŸŸ¢ Very Low Risk â€“ No action
522622,29.0,,ðŸŸ¢ Very Low Risk â€“ No action
522650,2.0,,ðŸŸ¢ Very Low Risk â€“ No action
522714,38.0,,ðŸŸ¢ Very Low Risk â€“ No action
522792,37.0,,ðŸŸ¢ Very Low Risk â€“ No action
522889,35.0,,ðŸŸ¢ Very Low Risk â€“ No action
522891,34.0,,ðŸŸ¢ Very Low Risk â€“ No action
522894,36.0,,ðŸŸ¢ Very Low Risk â€“ No action
522899,37.0,,ðŸŸ¢ Very Low Risk â€“ No action
523331,1.0,,ðŸŸ¢ Very Low Risk â€“ No action
523466,34.0,,ðŸŸ¢ Very Low Risk â€“ No action
523545,37.0,,ðŸŸ¢ Very Low Risk â€“ No action
523655,38.0,,ðŸŸ¢ Very Low Risk â€“ No action
523757,6.0,,ðŸŸ¢ Very Low Risk â€“ No action
523857,35.0,,ðŸŸ¢ Very Low Risk â€“ No action
523875,38.0,,ðŸŸ¢ Very Low Risk â€“ No action
523928,37.0,,ðŸŸ¢ Very Low Risk â€“ No action
524076,4.0,,ðŸŸ¢ Very Low Risk â€“ No action
524496,4.0,,ðŸŸ¢ Very Low Risk â€“ No action
524790,37.0,,ðŸŸ¢ Very Low Risk â€“ No action
525877,28.0,,ðŸŸ¢ Very Low Risk â€“ No action
525885,37.0,,ðŸŸ¢ Very Low Risk â€“ No action
525974,36.0,,ðŸŸ¢ Very Low Risk â€“ No action
526088,18.0,,ðŸŸ¢ Very Low Risk â€“ No action
526177,29.0,,ðŸŸ¢ Very Low Risk â€“ No action
526810,18.0,,ðŸŸ¢ Very Low Risk â€“ No action
527393,37.0,,ðŸŸ¢ Very Low Risk â€“ No action
527580,36.0,,ðŸŸ¢ Very Low Risk â€“ No action
527636,21.0,,ðŸŸ¢ Very Low Risk â€“ No action
527799,38.0,,ðŸŸ¢ Very Low Risk â€“ No action
528056,2.0,,ðŸŸ¢ Very Low Risk â€“ No action
528204,0.5,,ðŸŸ¢ Very Low Risk â€“ No action
528464,34.0,,ðŸŸ¢ Very Low Risk â€“ No action
529597,24.0,,ðŸŸ¢ Very Low Risk â€“ No action
529795,12.0,,ðŸŸ¢ Very Low Risk â€“ No action
530021,31.0,,ðŸŸ¢ Very Low Risk â€“ No action
530112,1.0,,ðŸŸ¢ Very Low Risk â€“ No action
530487,37.0,,ðŸŸ¢ Very Low Risk â€“ No action
530514,33.0,,ðŸŸ¢ Very Low Risk â€“ No action
530753,9.0,,ðŸŸ¢ Very Low Risk â€“ No action
530841,37.0,,ðŸŸ¢ Very Low Risk â€“ No action
531384,37.0,,ðŸŸ¢ Very Low Risk â€“ No action
531643,37.0,,ðŸŸ¢ Very Low Risk â€“ No action
532114,16.0,,ðŸŸ¢ Very Low Risk â€“ No action
532335,37.0,,ðŸŸ¢ Very Low Risk â€“ No action
532477,38.0,,ðŸŸ¢ Very Low Risk â€“ No action
532615,34.0,,ðŸŸ¢ Very Low Risk â€“ No action
532739,34.0,,ðŸŸ¢ Very Low Risk â€“ No action
532750,34.0,,ðŸŸ¢ Very Low Risk â€“ No action
532839,27.0,,ðŸŸ¢ Very Low Risk â€“ No action
532868,37.0,,ðŸŸ¢ Very Low Risk â€“ No action
532869,36.0,,ðŸŸ¢ Very Low Risk â€“ No action
533091,36.0,,ðŸŸ¢ Very Low Risk â€“ No action
533164,19.0,,ðŸŸ¢ Very Low Risk â€“ No action
533301,34.0,,ðŸŸ¢ Very Low Risk â€“ No action
533449,2.0,,ðŸŸ¢ Very Low Risk â€“ No action
534133,34.0,,ðŸŸ¢ Very Low Risk â€“ No action
534323,37.0,,ðŸŸ¢ Very Low Risk â€“ No action
534816,36.0,,ðŸŸ¢ Very Low Risk â€“ No action
534946,36.0,,ðŸŸ¢ Very Low Risk â€“ No action
534998,34.0,,ðŸŸ¢ Very Low Risk â€“ No action
535269,6.0,,ðŸŸ¢ Very Low Risk â€“ No action
535379,34.0,,ðŸŸ¢ Very Low Risk â€“ No action
535833,38.0,,ðŸŸ¢ Very Low Risk â€“ No action
536318,34.0,,ðŸŸ¢ Very Low Risk â€“ No action
536632,33.0,,ðŸŸ¢ Very Low Risk â€“ No action
536649,34.0,,ðŸŸ¢ Very Low Risk â€“ No action
536660,33.0,,ðŸŸ¢ Very Low Risk â€“ No action
536663,4.0,,ðŸŸ¢ Very Low Risk â€“ No action
536666,35.0,,ðŸŸ¢ Very Low Risk â€“ No action
536852,31.0,,ðŸŸ¢ Very Low Risk â€“ No action
536992,34.0,,ðŸŸ¢ Very Low Risk â€“ No action
537271,9.0,,ðŸŸ¢ Very Low Risk â€“ No action
538210,30.0,,ðŸŸ¢ Very Low Risk â€“ No action
539426,2.0,,ðŸŸ¢ Very Low Risk â€“ No action
539670,8.0,,ðŸŸ¢ Very Low Risk â€“ No action
540005,33.0,,ðŸŸ¢ Very Low Risk â€“ No action
540249,36.0,,ðŸŸ¢ Very Low Risk â€“ No action
540293,38.0,,ðŸŸ¢ Very Low Risk â€“ No action
540521,36.0,,ðŸŸ¢ Very Low Risk â€“ No action
540602,35.0,,ðŸŸ¢ Very Low Risk â€“ No action
540682,36.0,,ðŸŸ¢ Very Low Risk â€“ No action
541171,23.0,,ðŸŸ¢ Very Low Risk â€“ No action
541274,34.0,,ðŸŸ¢ Very Low Risk â€“ No action
541586,38.0,,ðŸŸ¢ Very Low Risk â€“ No action
541702,36.0,,ðŸŸ¢ Very Low Risk â€“ No action
542296,37.0,,ðŸŸ¢ Very Low Risk â€“ No action
542562,3.0,,ðŸŸ¢ Very Low Risk â€“ No action
542574,37.0,,ðŸŸ¢ Very Low Risk â€“ No action
542707,36.0,,ðŸŸ¢ Very Low Risk â€“ No action
543021,7.0,,ðŸŸ¢ Very Low Risk â€“ No action
543279,29.0,,ðŸŸ¢ Very Low Risk â€“ No action
543418,16.0,,ðŸŸ¢ Very Low Risk â€“ No action
543428,34.0,,ðŸŸ¢ Very Low Risk â€“ No action
544122,34.0,,ðŸŸ¢ Very Low Risk â€“ No action
545200,37.0,,ðŸŸ¢ Very Low Risk â€“ No action
545297,18.0,,ðŸŸ¢ Very Low Risk â€“ No action
545298,37.0,,ðŸŸ¢ Very Low Risk â€“ No action
545443,34.0,,ðŸŸ¢ Very Low Risk â€“ No action
545462,38.0,,ðŸŸ¢ Very Low Risk â€“ No action
546196,34.0,,ðŸŸ¢ Very Low Risk â€“ No action
546941,36.0,,ðŸŸ¢ Very Low Risk â€“ No action
547311,30.0,,ðŸŸ¢ Very Low Risk â€“ No action
547718,25.0,,ðŸŸ¢ Very Low Risk â€“ No action
548197,34.0,,ðŸŸ¢ Very Low Risk â€“ No action
548899,37.0,,ðŸŸ¢ Very Low Risk â€“ No action
549129,34.0,,ðŸŸ¢ Very Low Risk â€“ No action
549226,29.0,,ðŸŸ¢ Very Low Risk â€“ No action
549445,37.0,,ðŸŸ¢ Very Low Risk â€“ No action
549586,33.0,,ðŸŸ¢ Very Low Risk â€“ No action
549745,18.0,,ðŸŸ¢ Very Low Risk â€“ No action
549873,34.0,,ðŸŸ¢ Very Low Risk â€“ No action
549918,37.0,,ðŸŸ¢ Very Low Risk â€“ No action
550412,34.0,,ðŸŸ¢ Very Low Risk â€“ No action
550559,4.0,,ðŸŸ¢ Very Low Risk â€“ No action
550880,35.0,,ðŸŸ¢ Very Low Risk â€“ No action
550941,38.0,,ðŸŸ¢ Very Low Risk â€“ No action
551031,32.0,,ðŸŸ¢ Very Low Risk â€“ No action
551136,1.0,,ðŸŸ¢ Very Low Risk â€“ No action
551205,35.0,,ðŸŸ¢ Very Low Risk â€“ No action
551219,37.0,,ðŸŸ¢ Very Low Risk â€“ No action
551234,38.0,,ðŸŸ¢ Very Low Risk â€“ No action
551347,36.0,,ðŸŸ¢ Very Low Risk â€“ No action
551628,1.0,,ðŸŸ¢ Very Low Risk â€“ No action
551802,37.0,,ðŸŸ¢ Very Low Risk â€“ No action
551836,37.0,,ðŸŸ¢ Very Low Risk â€“ No action
552116,33.0,,ðŸŸ¢ Very Low Risk â€“ No action
552205,34.0,,ðŸŸ¢ Very Low Risk â€“ No action
552339,37.0,,ðŸŸ¢ Very Low Risk â€“ No action
552399,37.0,,ðŸŸ¢ Very Low Risk â€“ No action
552515,29.0,,ðŸŸ¢ Very Low Risk â€“ No action
552622,37.0,,ðŸŸ¢ Very Low Risk â€“ No action
552865,0.5,,ðŸŸ¢ Very Low Risk â€“ No action
552883,4.0,,ðŸŸ¢ Very Low Risk â€“ No action
553078,34.0,,ðŸŸ¢ Very Low Risk â€“ No action
553825,29.0,,ðŸŸ¢ Very Low Risk â€“ No action
553856,37.0,,ðŸŸ¢ Very Low Risk â€“ No action
553893,8.0,,ðŸŸ¢ Very Low Risk â€“ No action
554243,23.0,,ðŸŸ¢ Very Low Risk â€“ No action
554297,6.0,,ðŸŸ¢ Very Low Risk â€“ No action
554314,24.0,,ðŸŸ¢ Very Low Risk â€“ No action
554540,34.0,,ðŸŸ¢ Very Low Risk â€“ No action
555061,10.0,,ðŸŸ¢ Very Low Risk â€“ No action
555346,38.0,,ðŸŸ¢ Very Low Risk â€“ No action
555614,36.0,,ðŸŸ¢ Very Low Risk â€“ No action
555721,36.0,,ðŸŸ¢ Very Low Risk â€“ No action
556062,9.0,,ðŸŸ¢ Very Low Risk â€“ No action
556089,34.0,,ðŸŸ¢ Very Low Risk â€“ No action
556175,31.0,,ðŸŸ¢ Very Low Risk â€“ No action
556228,38.0,,ðŸŸ¢ Very Low Risk â€“ No action
556427,19.0,,ðŸŸ¢ Very Low Risk â€“ No action
556592,32.0,,ðŸŸ¢ Very Low Risk â€“ No action
556637,1.0,,ðŸŸ¢ Very Low Risk â€“ No action
556738,2.0,,ðŸŸ¢ Very Low Risk â€“ No action
556972,35.0,,ðŸŸ¢ Very Low Risk â€“ No action
557652,35.0,,ðŸŸ¢ Very Low Risk â€“ No action
558035,22.0,,ðŸŸ¢ Very Low Risk â€“ No action
558333,29.0,,ðŸŸ¢ Very Low Risk â€“ No action
558533,34.0,,ðŸŸ¢ Very Low Risk â€“ No action
558661,29.0,,ðŸŸ¢ Very Low Risk â€“ No action
558755,2.0,,ðŸŸ¢ Very Low Risk â€“ No action
558962,35.0,,ðŸŸ¢ Very Low Risk â€“ No action
558983,37.0,,ðŸŸ¢ Very Low Risk â€“ No action
559139,5.0,,ðŸŸ¢ Very Low Risk â€“ No action
559168,29.0,,ðŸŸ¢ Very Low Risk â€“ No action
559382,36.0,,ðŸŸ¢ Very Low Risk â€“ No action
559414,36.0,,ðŸŸ¢ Very Low Risk â€“ No action
559584,37.0,,ðŸŸ¢ Very Low Risk â€“ No action
559685,29.0,,ðŸŸ¢ Very Low Risk â€“ No action
559851,33.0,,ðŸŸ¢ Very Low Risk â€“ No action
560030,13.0,,ðŸŸ¢ Very Low Risk â€“ No action
560074,36.0,,ðŸŸ¢ Very Low Risk â€“ No action
560430,7.0,,ðŸŸ¢ Very Low Risk â€“ No action
560567,37.0,,ðŸŸ¢ Very Low Risk â€“ No action
560676,36.0,,ðŸŸ¢ Very Low Risk â€“ No action
560773,36.0,,ðŸŸ¢ Very Low Risk â€“ No action
560920,4.0,,ðŸŸ¢ Very Low Risk â€“ No action
561312,34.0,,ðŸŸ¢ Very Low Risk â€“ No action
561457,36.0,,ðŸŸ¢ Very Low Risk â€“ No action
561534,38.0,,ðŸŸ¢ Very Low Risk â€“ No action
561549,8.0,,ðŸŸ¢ Very Low Risk â€“ No action
561591,34.0,,ðŸŸ¢ Very Low Risk â€“ No action
561640,34.0,,ðŸŸ¢ Very Low Risk â€“ No action
561841,36.0,,ðŸŸ¢ Very Low Risk â€“ No action
562090,32.0,,ðŸŸ¢ Very Low Risk â€“ No action
562270,37.0,,ðŸŸ¢ Very Low Risk â€“ No action
562456,22.0,,ðŸŸ¢ Very Low Risk â€“ No action
563174,7.0,,ðŸŸ¢ Very Low Risk â€“ No action
563374,28.0,,ðŸŸ¢ Very Low Risk â€“ No action
563706,38.0,,ðŸŸ¢ Very Low Risk â€“ No action
563733,34.0,,ðŸŸ¢ Very Low Risk â€“ No action
563735,34.0,,ðŸŸ¢ Very Low Risk â€“ No action
563769,32.0,,ðŸŸ¢ Very Low Risk â€“ No action
563794,38.0,,ðŸŸ¢ Very Low Risk â€“ No action
564105,38.0,,ðŸŸ¢ Very Low Risk â€“ No action
564129,37.0,,ðŸŸ¢ Very Low Risk â€“ No action
564144,36.0,,ðŸŸ¢ Very Low Risk â€“ No action
564245,34.0,,ðŸŸ¢ Very Low Risk â€“ No action
564268,35.0,,ðŸŸ¢ Very Low Risk â€“ No action
564596,33.0,,ðŸŸ¢ Very Low Risk â€“ No action
564626,36.0,,ðŸŸ¢ Very Low Risk â€“ No action
564792,27.0,,ðŸŸ¢ Very Low Risk â€“ No action
564898,34.0,,ðŸŸ¢ Very Low Risk â€“ No action
564958,34.0,,ðŸŸ¢ Very Low Risk â€“ No action
564972,2.0,,ðŸŸ¢ Very Low Risk â€“ No action
565393,36.0,,ðŸŸ¢ Very Low Risk â€“ No action
565513,35.0,,ðŸŸ¢ Very Low Risk â€“ No action
565582,38.0,,ðŸŸ¢ Very Low Risk â€“ No action
565607,36.0,,ðŸŸ¢ Very Low Risk â€“ No action
565715,36.0,,ðŸŸ¢ Very Low Risk â€“ No action
565888,37.0,,ðŸŸ¢ Very Low Risk â€“ No action
565919,37.0,,ðŸŸ¢ Very Low Risk â€“ No action
566133,36.0,,ðŸŸ¢ Very Low Risk â€“ No action
566339,37.0,,ðŸŸ¢ Very Low Risk â€“ No action
566346,38.0,,ðŸŸ¢ Very Low Risk â€“ No action
566358,31.0,,ðŸŸ¢ Very Low Risk â€“ No action
566369,35.0,,ðŸŸ¢ Very Low Risk â€“ No action
566392,35.0,,ðŸŸ¢ Very Low Risk â€“ No action
566407,34.0,,ðŸŸ¢ Very Low Risk â€“ No action
566415,34.0,,ðŸŸ¢ Very Low Risk â€“ No action
566720,34.0,,ðŸŸ¢ Very Low Risk â€“ No action
566813,34.0,,ðŸŸ¢ Very Low Risk â€“ No action
566814,34.0,,ðŸŸ¢ Very Low Risk â€“ No action
567013,13.0,,ðŸŸ¢ Very Low Risk â€“ No action
567033,35.0,,ðŸŸ¢ Very Low Risk â€“ No action
567160,23.0,,ðŸŸ¢ Very Low Risk â€“ No action
567262,36.0,,ðŸŸ¢ Very Low Risk â€“ No action
567363,35.0,,ðŸŸ¢ Very Low Risk â€“ No action
567402,36.0,,ðŸŸ¢ Very Low Risk â€“ No action
567429,37.0,,ðŸŸ¢ Very Low Risk â€“ No action
567500,38.0,,ðŸŸ¢ Very Low Risk â€“ No action
567627,35.0,,ðŸŸ¢ Very Low Risk â€“ No action
567754,37.0,,ðŸŸ¢ Very Low Risk â€“ No action
567915,33.0,,ðŸŸ¢ Very Low Risk â€“ No action
567929,34.0,,ðŸŸ¢ Very Low Risk â€“ No action
567958,34.0,,ðŸŸ¢ Very Low Risk â€“ No action
567979,33.0,,ðŸŸ¢ Very Low Risk â€“ No action
568074,34.0,,ðŸŸ¢ Very Low Risk â€“ No action
568370,19.0,,ðŸŸ¢ Very Low Risk â€“ No action
568474,32.0,,ðŸŸ¢ Very Low Risk â€“ No action
568502,34.0,,ðŸŸ¢ Very Low Risk â€“ No action
568533,34.0,,ðŸŸ¢ Very Low Risk â€“ No action
568609,11.0,,ðŸŸ¢ Very Low Risk â€“ No action
568775,9.0,,ðŸŸ¢ Very Low Risk â€“ No action
569035,36.0,,ðŸŸ¢ Very Low Risk â€“ No action
569141,36.0,,ðŸŸ¢ Very Low Risk â€“ No action
569334,20.0,,ðŸŸ¢ Very Low Risk â€“ No action
569854,38.0,,ðŸŸ¢ Very Low Risk â€“ No action
569862,35.0,,ðŸŸ¢ Very Low Risk â€“ No action
569930,38.0,,ðŸŸ¢ Very Low Risk â€“ No action
570137,37.0,,ðŸŸ¢ Very Low Risk â€“ No action
570157,37.0,,ðŸŸ¢ Very Low Risk â€“ No action
570168,38.0,,ðŸŸ¢ Very Low Risk â€“ No action
570177,1.0,,ðŸŸ¢ Very Low Risk â€“ No action
570271,37.0,,ðŸŸ¢ Very Low Risk â€“ No action
570287,37.0,,ðŸŸ¢ Very Low Risk â€“ No action
570351,38.0,,ðŸŸ¢ Very Low Risk â€“ No action
570623,37.0,,ðŸŸ¢ Very Low Risk â€“ No action
570759,34.0,,ðŸŸ¢ Very Low Risk â€“ No action
570783,36.0,,ðŸŸ¢ Very Low Risk â€“ No action
570862,0.5,,ðŸŸ¢ Very Low Risk â€“ No action
570864,37.0,,ðŸŸ¢ Very Low Risk â€“ No action
571083,37.0,,ðŸŸ¢ Very Low Risk â€“ No action
571441,35.0,,ðŸŸ¢ Very Low Risk â€“ No action
571503,37.0,,ðŸŸ¢ Very Low Risk â€“ No action
571516,36.0,,ðŸŸ¢ Very Low Risk â€“ No action
571554,37.0,,ðŸŸ¢ Very Low Risk â€“ No action
571601,1.0,,ðŸŸ¢ Very Low Risk â€“ No action
571681,37.0,,ðŸŸ¢ Very Low Risk â€“ No action
571693,38.0,,ðŸŸ¢ Very Low Risk â€“ No action
571779,33.0,,ðŸŸ¢ Very Low Risk â€“ No action
571871,35.0,,ðŸŸ¢ Very Low Risk â€“ No action
571885,37.0,,ðŸŸ¢ Very Low Risk â€“ No action
571907,35.0,,ðŸŸ¢ Very Low Risk â€“ No action
572051,37.0,,ðŸŸ¢ Very Low Risk â€“ No action
572067,37.0,,ðŸŸ¢ Very Low Risk â€“ No action
572103,34.0,,ðŸŸ¢ Very Low Risk â€“ No action
572131,6.0,,ðŸŸ¢ Very Low Risk â€“ No action
572163,23.0,,ðŸŸ¢ Very Low Risk â€“ No action
572173,3.0,,ðŸŸ¢ Very Low Risk â€“ No action
572277,17.0,,ðŸŸ¢ Very Low Risk â€“ No action
572302,19.0,,ðŸŸ¢ Very Low Risk â€“ No action
572416,36.0,,ðŸŸ¢ Very Low Risk â€“ No action
572436,34.0,,ðŸŸ¢ Very Low Risk â€“ No action
572447,25.0,,ðŸŸ¢ Very Low Risk â€“ No action
572495,13.0,,ðŸŸ¢ Very Low Risk â€“ No action
572504,37.0,,ðŸŸ¢ Very Low Risk â€“ No action
572508,36.0,,ðŸŸ¢ Very Low Risk â€“ No action
572514,37.0,,ðŸŸ¢ Very Low Risk â€“ No action
572733,38.0,,ðŸŸ¢ Very Low Risk â€“ No action
572739,20.0,,ðŸŸ¢ Very Low Risk â€“ No action
572752,30.0,,ðŸŸ¢ Very Low Risk â€“ No action
572765,36.0,,ðŸŸ¢ Very Low Risk â€“ No action
572898,34.0,,ðŸŸ¢ Very Low Risk â€“ No action
572918,17.0,,ðŸŸ¢ Very Low Risk â€“ No action
573043,34.0,,ðŸŸ¢ Very Low Risk â€“ No action
573063,35.0,,ðŸŸ¢ Very Low Risk â€“ No action
573159,14.0,,ðŸŸ¢ Very Low Risk â€“ No action
573208,34.0,,ðŸŸ¢ Very Low Risk â€“ No action
573217,13.0,,ðŸŸ¢ Very Low Risk â€“ No action
573223,27.0,,ðŸŸ¢ Very Low Risk â€“ No action
573225,34.0,,ðŸŸ¢ Very Low Risk â€“ No action
573411,35.0,,ðŸŸ¢ Very Low Risk â€“ No action
573433,38.0,,ðŸŸ¢ Very Low Risk â€“ No action
573441,13.0,,ðŸŸ¢ Very Low Risk â€“ No action
573453,35.0,,ðŸŸ¢ Very Low Risk â€“ No action
573487,2.0,,ðŸŸ¢ Very Low Risk â€“ No action
573519,36.0,,ðŸŸ¢ Very Low Risk â€“ No action
573578,35.0,,ðŸŸ¢ Very Low Risk â€“ No action
573654,35.0,,ðŸŸ¢ Very Low Risk â€“ No action
573694,7.0,,ðŸŸ¢ Very Low Risk â€“ No action
573777,29.0,,ðŸŸ¢ Very Low Risk â€“ No action
573790,38.0,,ðŸŸ¢ Very Low Risk â€“ No action
573821,34.0,,ðŸŸ¢ Very Low Risk â€“ No action
573831,36.0,,ðŸŸ¢ Very Low Risk â€“ No action
573893,32.0,,ðŸŸ¢ Very Low Risk â€“ No action
573986,35.0,,ðŸŸ¢ Very Low Risk â€“ No action
574002,24.0,,ðŸŸ¢ Very Low Risk â€“ No action
574051,7.0,,ðŸŸ¢ Very Low Risk â€“ No action
574065,34.0,,ðŸŸ¢ Very Low Risk â€“ No action
574125,36.0,,ðŸŸ¢ Very Low Risk â€“ No action
574194,35.0,,ðŸŸ¢ Very Low Risk â€“ No action
574212,38.0,,ðŸŸ¢ Very Low Risk â€“ No action
574250,37.0,,ðŸŸ¢ Very Low Risk â€“ No action
574320,37.0,,ðŸŸ¢ Very Low Risk â€“ No action
574348,35.0,,ðŸŸ¢ Very Low Risk â€“ No action
574549,35.0,,ðŸŸ¢ Very Low Risk â€“ No action
574648,36.0,,ðŸŸ¢ Very Low Risk â€“ No action
574708,35.0,,ðŸŸ¢ Very Low Risk â€“ No action
574766,24.0,,ðŸŸ¢ Very Low Risk â€“ No action
574973,38.0,,ðŸŸ¢ Very Low Risk â€“ No action
575018,35.0,,ðŸŸ¢ Very Low Risk â€“ No action
575089,21.0,,ðŸŸ¢ Very Low Risk â€“ No action
575100,29.0,,ðŸŸ¢ Very Low Risk â€“ No action
575124,38.0,,ðŸŸ¢ Very Low Risk â€“ No action
575281,26.0,,ðŸŸ¢ Very Low Risk â€“ No action
575290,37.0,,ðŸŸ¢ Very Low Risk â€“ No action
575387,38.0,,ðŸŸ¢ Very Low Risk â€“ No action
575423,3.0,,ðŸŸ¢ Very Low Risk â€“ No action
575480,2.0,,ðŸŸ¢ Very Low Risk â€“ No action
575560,34.0,,ðŸŸ¢ Very Low Risk â€“ No action
575681,38.0,,ðŸŸ¢ Very Low Risk â€“ No action
575927,7.0,,ðŸŸ¢ Very Low Risk â€“ No action
575929,34.0,,ðŸŸ¢ Very Low Risk â€“ No action
575930,37.0,,ðŸŸ¢ Very Low Risk â€“ No action
575982,18.0,,ðŸŸ¢ Very Low Risk â€“ No action
576046,0.5,,ðŸŸ¢ Very Low Risk â€“ No action
576158,34.0,,ðŸŸ¢ Very Low Risk â€“ No action
576226,13.0,,ðŸŸ¢ Very Low Risk â€“ No action
576483,32.0,,ðŸŸ¢ Very Low Risk â€“ No action
576524,24.0,,ðŸŸ¢ Very Low Risk â€“ No action
576600,36.0,,ðŸŸ¢ Very Low Risk â€“ No action
576714,15.0,,ðŸŸ¢ Very Low Risk â€“ No action
576815,4.0,,ðŸŸ¢ Very Low Risk â€“ No action
576841,37.0,,ðŸŸ¢ Very Low Risk â€“ No action
576882,37.0,,ðŸŸ¢ Very Low Risk â€“ No action
576935,37.0,,ðŸŸ¢ Very Low Risk â€“ No action
576940,37.0,,ðŸŸ¢ Very Low Risk â€“ No action
576946,35.0,,ðŸŸ¢ Very Low Risk â€“ No action
576981,34.0,,ðŸŸ¢ Very Low Risk â€“ No action
576983,9.0,,ðŸŸ¢ Very Low Risk â€“ No action
576996,17.0,,ðŸŸ¢ Very Low Risk â€“ No action
577007,2.0,,ðŸŸ¢ Very Low Risk â€“ No action
577069,34.0,,ðŸŸ¢ Very Low Risk â€“ No action
577096,35.0,,ðŸŸ¢ Very Low Risk â€“ No action
577099,36.0,,ðŸŸ¢ Very Low Risk â€“ No action
577239,0.5,,ðŸŸ¢ Very Low Risk â€“ No action
577256,34.0,,ðŸŸ¢ Very Low Risk â€“ No action
577280,37.0,,ðŸŸ¢ Very Low Risk â€“ No action
577286,28.0,,ðŸŸ¢ Very Low Risk â€“ No action
577347,29.0,,ðŸŸ¢ Very Low Risk â€“ No action
577376,31.0,,ðŸŸ¢ Very Low Risk â€“ No action
577498,37.0,,ðŸŸ¢ Very Low Risk â€“ No action
577648,38.0,,ðŸŸ¢ Very Low Risk â€“ No action
577659,9.0,,ðŸŸ¢ Very Low Risk â€“ No action
577680,38.0,,ðŸŸ¢ Very Low Risk â€“ No action
577692,21.0,,ðŸŸ¢ Very Low Risk â€“ No action
577824,35.0,,ðŸŸ¢ Very Low Risk â€“ No action
577905,4.0,,ðŸŸ¢ Very Low Risk â€“ No action
577914,38.0,,ðŸŸ¢ Very Low Risk â€“ No action
577915,35.0,,ðŸŸ¢ Very Low Risk â€“ No action
577965,1.0,,ðŸŸ¢ Very Low Risk â€“ No action
577980,35.0,,ðŸŸ¢ Very Low Risk â€“ No action
578030,37.0,,ðŸŸ¢ Very Low Risk â€“ No action
578057,13.0,,ðŸŸ¢ Very Low Risk â€“ No action
578062,8.0,,ðŸŸ¢ Very Low Risk â€“ No action
578109,38.0,,ðŸŸ¢ Very Low Risk â€“ No action
578197,32.0,,ðŸŸ¢ Very Low Risk â€“ No action
578362,18.0,,ðŸŸ¢ Very Low Risk â€“ No action
578447,34.0,,ðŸŸ¢ Very Low Risk â€“ No action
578546,36.0,,ðŸŸ¢ Very Low Risk â€“ No action
578578,36.0,,ðŸŸ¢ Very Low Risk â€“ No action
578600,36.0,,ðŸŸ¢ Very Low Risk â€“ No action
578676,34.0,,ðŸŸ¢ Very Low Risk â€“ No action
578717,37.0,,ðŸŸ¢ Very Low Risk â€“ No action
578854,8.0,,ðŸŸ¢ Very Low Risk â€“ No action
579255,11.0,,ðŸŸ¢ Very Low Risk â€“ No action
579279,34.0,,ðŸŸ¢ Very Low Risk â€“ No action
579316,29.0,,ðŸŸ¢ Very Low Risk â€“ No action
579486,14.0,,ðŸŸ¢ Very Low Risk â€“ No action
579549,34.0,,ðŸŸ¢ Very Low Risk â€“ No action
579571,38.0,,ðŸŸ¢ Very Low Risk â€“ No action
579575,29.0,,ðŸŸ¢ Very Low Risk â€“ No action
579619,38.0,,ðŸŸ¢ Very Low Risk â€“ No action
579718,5.0,,ðŸŸ¢ Very Low Risk â€“ No action
579762,38.0,,ðŸŸ¢ Very Low Risk â€“ No action
580094,35.0,,ðŸŸ¢ Very Low Risk â€“ No action
580346,38.0,,ðŸŸ¢ Very Low Risk â€“ No action
580360,34.0,,ðŸŸ¢ Very Low Risk â€“ No action
580412,18.0,,ðŸŸ¢ Very Low Risk â€“ No action
580497,1.0,,ðŸŸ¢ Very Low Risk â€“ No action
580540,33.0,,ðŸŸ¢ Very Low Risk â€“ No action
580592,23.0,,ðŸŸ¢ Very Low Risk â€“ No action
580612,36.0,,ðŸŸ¢ Very Low Risk â€“ No action
580646,35.0,,ðŸŸ¢ Very Low Risk â€“ No action
580684,29.0,,ðŸŸ¢ Very Low Risk â€“ No action
580880,37.0,,ðŸŸ¢ Very Low Risk â€“ No action
580883,38.0,,ðŸŸ¢ Very Low Risk â€“ No action
580960,35.0,,ðŸŸ¢ Very Low Risk â€“ No action
580975,20.0,,ðŸŸ¢ Very Low Risk â€“ No action
581027,2.0,,ðŸŸ¢ Very Low Risk â€“ No action
581038,10.0,,ðŸŸ¢ Very Low Risk â€“ No action
581139,37.0,,ðŸŸ¢ Very Low Risk â€“ No action
581235,21.0,,ðŸŸ¢ Very Low Risk â€“ No action
581305,34.0,,ðŸŸ¢ Very Low Risk â€“ No action
581431,30.0,,ðŸŸ¢ Very Low Risk â€“ No action
581530,36.0,,ðŸŸ¢ Very Low Risk â€“ No action
581586,38.0,,ðŸŸ¢ Very Low Risk â€“ No action
581625,6.0,,ðŸŸ¢ Very Low Risk â€“ No action
581657,34.0,,ðŸŸ¢ Very Low Risk â€“ No action
581826,18.0,,ðŸŸ¢ Very Low Risk â€“ No action
582093,8.0,,ðŸŸ¢ Very Low Risk â€“ No action
582123,38.0,,ðŸŸ¢ Very Low Risk â€“ No action
582184,23.0,,ðŸŸ¢ Very Low Risk â€“ No action
582190,33.0,,ðŸŸ¢ Very Low Risk â€“ No action
582218,23.0,,ðŸŸ¢ Very Low Risk â€“ No action
582243,9.0,,ðŸŸ¢ Very Low Risk â€“ No action
582301,34.0,,ðŸŸ¢ Very Low Risk â€“ No action
582305,35.0,,ðŸŸ¢ Very Low Risk â€“ No action
582333,36.0,,ðŸŸ¢ Very Low Risk â€“ No action
582390,38.0,,ðŸŸ¢ Very Low Risk â€“ No action
582394,38.0,,ðŸŸ¢ Very Low Risk â€“ No action
582406,34.0,,ðŸŸ¢ Very Low Risk â€“ No action
582439,1.0,,ðŸŸ¢ Very Low Risk â€“ No action
582446,34.0,,ðŸŸ¢ Very Low Risk â€“ No action
582474,38.0,,ðŸŸ¢ Very Low Risk â€“ No action
582574,38.0,,ðŸŸ¢ Very Low Risk â€“ No action
582578,31.0,,ðŸŸ¢ Very Low Risk â€“ No action
582591,15.0,,ðŸŸ¢ Very Low Risk â€“ No action
582636,34.0,,ðŸŸ¢ Very Low Risk â€“ No action
582650,35.0,,ðŸŸ¢ Very Low Risk â€“ No action
582833,29.0,,ðŸŸ¢ Very Low Risk â€“ No action
582878,36.0,,ðŸŸ¢ Very Low Risk â€“ No action
582940,29.0,,ðŸŸ¢ Very Low Risk â€“ No action
582958,36.0,,ðŸŸ¢ Very Low Risk â€“ No action
582975,38.0,,ðŸŸ¢ Very Low Risk â€“ No action
583007,3.0,,ðŸŸ¢ Very Low Risk â€“ No action
583012,34.0,,ðŸŸ¢ Very Low Risk â€“ No action
583039,37.0,,ðŸŸ¢ Very Low Risk â€“ No action
583098,35.0,,ðŸŸ¢ Very Low Risk â€“ No action
583113,31.0,,ðŸŸ¢ Very Low Risk â€“ No action
583142,34.0,,ðŸŸ¢ Very Low Risk â€“ No action
583170,35.0,,ðŸŸ¢ Very Low Risk â€“ No action
583191,34.0,,ðŸŸ¢ Very Low Risk â€“ No action
583240,34.0,,ðŸŸ¢ Very Low Risk â€“ No action
583255,7.0,,ðŸŸ¢ Very Low Risk â€“ No action
583367,22.0,,ðŸŸ¢ Very Low Risk â€“ No action
583433,37.0,,ðŸŸ¢ Very Low Risk â€“ No action
583459,38.0,,ðŸŸ¢ Very Low Risk â€“ No action
583473,37.0,,ðŸŸ¢ Very Low Risk â€“ No action
583534,6.0,,ðŸŸ¢ Very Low Risk â€“ No action
583598,7.0,,ðŸŸ¢ Very Low Risk â€“ No action
583609,35.0,,ðŸŸ¢ Very Low Risk â€“ No action
583645,38.0,,ðŸŸ¢ Very Low Risk â€“ No action
583708,34.0,,ðŸŸ¢ Very Low Risk â€“ No action
583873,35.0,,ðŸŸ¢ Very Low Risk â€“ No action
583964,34.0,,ðŸŸ¢ Very Low Risk â€“ No action
583970,37.0,,ðŸŸ¢ Very Low Risk â€“ No action
583977,33.0,,ðŸŸ¢ Very Low Risk â€“ No action
584042,35.0,,ðŸŸ¢ Very Low Risk â€“ No action
584178,35.0,,ðŸŸ¢ Very Low Risk â€“ No action
584238,6.0,,ðŸŸ¢ Very Low Risk â€“ No action
584325,30.0,,ðŸŸ¢ Very Low Risk â€“ No action
584408,29.0,,ðŸŸ¢ Very Low Risk â€“ No action
584580,23.0,,ðŸŸ¢ Very Low Risk â€“ No action
584611,24.0,,ðŸŸ¢ Very Low Risk â€“ No action
584735,20.0,,ðŸŸ¢ Very Low Risk â€“ No action
584762,6.0,,ðŸŸ¢ Very Low Risk â€“ No action
584766,35.0,,ðŸŸ¢ Very Low Risk â€“ No action
584813,30.0,,ðŸŸ¢ Very Low Risk â€“ No action
585074,20.0,,ðŸŸ¢ Very Low Risk â€“ No action
585170,35.0,,ðŸŸ¢ Very Low Risk â€“ No action
585200,34.0,,ðŸŸ¢ Very Low Risk â€“ No action
585212,34.0,,ðŸŸ¢ Very Low Risk â€“ No action
585406,34.0,,ðŸŸ¢ Very Low Risk â€“ No action
585603,36.0,,ðŸŸ¢ Very Low Risk â€“ No action
585611,32.0,,ðŸŸ¢ Very Low Risk â€“ No action
585644,29.0,,ðŸŸ¢ Very Low Risk â€“ No action
585652,31.0,,ðŸŸ¢ Very Low Risk â€“ No action
585693,38.0,,ðŸŸ¢ Very Low Risk â€“ No action
585764,0.5,,ðŸŸ¢ Very Low Risk â€“ No action
585779,37.0,,ðŸŸ¢ Very Low Risk â€“ No action
585816,23.0,,ðŸŸ¢ Very Low Risk â€“ No action
585915,4.0,,ðŸŸ¢ Very Low Risk â€“ No action
585963,13.0,,ðŸŸ¢ Very Low Risk â€“ No action
586072,13.0,,ðŸŸ¢ Very Low Risk â€“ No action
586078,32.0,,ðŸŸ¢ Very Low Risk â€“ No action
586145,18.0,,ðŸŸ¢ Very Low Risk â€“ No action
586165,34.0,,ðŸŸ¢ Very Low Risk â€“ No action
586346,38.0,,ðŸŸ¢ Very Low Risk â€“ No action
586407,2.0,,ðŸŸ¢ Very Low Risk â€“ No action
586416,34.0,,ðŸŸ¢ Very Low Risk â€“ No action
586440,29.0,,ðŸŸ¢ Very Low Risk â€“ No action
586490,7.0,,ðŸŸ¢ Very Low Risk â€“ No action
586516,8.0,,ðŸŸ¢ Very Low Risk â€“ No action
586535,37.0,,ðŸŸ¢ Very Low Risk â€“ No action
586581,35.0,,ðŸŸ¢ Very Low Risk â€“ No action
586720,18.0,,ðŸŸ¢ Very Low Risk â€“ No action
586742,36.0,,ðŸŸ¢ Very Low Risk â€“ No action
586836,17.0,,ðŸŸ¢ Very Low Risk â€“ No action
586843,36.0,,ðŸŸ¢ Very Low Risk â€“ No action
586882,4.0,,ðŸŸ¢ Very Low Risk â€“ No action
586928,22.0,,ðŸŸ¢ Very Low Risk â€“ No action
586996,38.0,,ðŸŸ¢ Very Low Risk â€“ No action
587051,8.0,,ðŸŸ¢ Very Low Risk â€“ No action
587192,37.0,,ðŸŸ¢ Very Low Risk â€“ No action
587194,32.0,,ðŸŸ¢ Very Low Risk â€“ No action
587219,12.0,,ðŸŸ¢ Very Low Risk â€“ No action
587223,37.0,,ðŸŸ¢ Very Low Risk â€“ No action
587297,38.0,,ðŸŸ¢ Very Low Risk â€“ No action
587409,34.0,,ðŸŸ¢ Very Low Risk â€“ No action
587418,36.0,,ðŸŸ¢ Very Low Risk â€“ No action
587423,37.0,,ðŸŸ¢ Very Low Risk â€“ No action
587564,35.0,,ðŸŸ¢ Very Low Risk â€“ No action
587702,38.0,,ðŸŸ¢ Very Low Risk â€“ No action
587722,36.0,,ðŸŸ¢ Very Low Risk â€“ No action
587732,34.0,,ðŸŸ¢ Very Low Risk â€“ No action
587754,29.0,,ðŸŸ¢ Very Low Risk â€“ No action
587755,34.0,,ðŸŸ¢ Very Low Risk â€“ No action
587810,38.0,,ðŸŸ¢ Very Low Risk â€“ No action
587824,14.0,,ðŸŸ¢ Very Low Risk â€“ No action
587838,18.0,,ðŸŸ¢ Very Low Risk â€“ No action
587923,34.0,,ðŸŸ¢ Very Low Risk â€“ No action
587961,22.0,,ðŸŸ¢ Very Low Risk â€“ No action
587985,33.0,,ðŸŸ¢ Very Low Risk â€“ No action
588117,36.0,,ðŸŸ¢ Very Low Risk â€“ No action
588265,36.0,,ðŸŸ¢ Very Low Risk â€“ No action
588321,19.0,,ðŸŸ¢ Very Low Risk â€“ No action
588355,34.0,,ðŸŸ¢ Very Low Risk â€“ No action
588432,5.0,,ðŸŸ¢ Very Low Risk â€“ No action
588642,35.0,,ðŸŸ¢ Very Low Risk â€“ No action
588713,1.0,,ðŸŸ¢ Very Low Risk â€“ No action
588883,34.0,,ðŸŸ¢ Very Low Risk â€“ No action
588910,37.0,,ðŸŸ¢ Very Low Risk â€“ No action
589067,34.0,,ðŸŸ¢ Very Low Risk â€“ No action
589123,37.0,,ðŸŸ¢ Very Low Risk â€“ No action
589154,6.0,,ðŸŸ¢ Very Low Risk â€“ No action
589296,38.0,,ðŸŸ¢ Very Low Risk â€“ No action
589302,35.0,,ðŸŸ¢ Very Low Risk â€“ No action
589411,34.0,,ðŸŸ¢ Very Low Risk â€“ No action
589471,9.0,,ðŸŸ¢ Very Low Risk â€“ No action
589508,36.0,,ðŸŸ¢ Very Low Risk â€“ No action
589509,37.0,,ðŸŸ¢ Very Low Risk â€“ No action
589903,34.0,,ðŸŸ¢ Very Low Risk â€“ No action
589950,38.0,,ðŸŸ¢ Very Low Risk â€“ No action
590107,3.0,,ðŸŸ¢ Very Low Risk â€“ No action
590202,37.0,,ðŸŸ¢ Very Low Risk â€“ No action
590231,36.0,,ðŸŸ¢ Very Low Risk â€“ No action
590305,1.0,,ðŸŸ¢ Very Low Risk â€“ No action
590308,23.0,,ðŸŸ¢ Very Low Risk â€“ No action
590325,34.0,,ðŸŸ¢ Very Low Risk â€“ No action
590360,29.0,,ðŸŸ¢ Very Low Risk â€“ No action
590362,33.0,,ðŸŸ¢ Very Low Risk â€“ No action
590365,10.0,,ðŸŸ¢ Very Low Risk â€“ No action
590372,38.0,,ðŸŸ¢ Very Low Risk â€“ No action
590502,15.0,,ðŸŸ¢ Very Low Risk â€“ No action
590625,34.0,,ðŸŸ¢ Very Low Risk â€“ No action
590667,34.0,,ðŸŸ¢ Very Low Risk â€“ No action
590668,2.0,,ðŸŸ¢ Very Low Risk â€“ No action
590812,7.0,,ðŸŸ¢ Very Low Risk â€“ No action
590867,37.0,,ðŸŸ¢ Very Low Risk â€“ No action
590923,7.0,,ðŸŸ¢ Very Low Risk â€“ No action
590931,34.0,,ðŸŸ¢ Very Low Risk â€“ No action
590994,36.0,,ðŸŸ¢ Very Low Risk â€“ No action
591030,34.0,,ðŸŸ¢ Very Low Risk â€“ No action
591034,22.0,,ðŸŸ¢ Very Low Risk â€“ No action
591223,38.0,,ðŸŸ¢ Very Low Risk â€“ No action
591257,20.0,,ðŸŸ¢ Very Low Risk â€“ No action
591273,33.0,,ðŸŸ¢ Very Low Risk â€“ No action
591299,34.0,,ðŸŸ¢ Very Low Risk â€“ No action
591410,23.0,,ðŸŸ¢ Very Low Risk â€“ No action
591414,34.0,,ðŸŸ¢ Very Low Risk â€“ No action
591420,37.0,,ðŸŸ¢ Very Low Risk â€“ No action
591501,37.0,,ðŸŸ¢ Very Low Risk â€“ No action
591518,34.0,,ðŸŸ¢ Very Low Risk â€“ No action
591558,36.0,,ðŸŸ¢ Very Low Risk â€“ No action
591574,37.0,,ðŸŸ¢ Very Low Risk â€“ No action
591589,38.0,,ðŸŸ¢ Very Low Risk â€“ No action
591591,29.0,,ðŸŸ¢ Very Low Risk â€“ No action
591785,37.0,,ðŸŸ¢ Very Low Risk â€“ No action
591787,31.0,,ðŸŸ¢ Very Low Risk â€“ No action
591820,35.0,,ðŸŸ¢ Very Low Risk â€“ No action
591895,5.0,,ðŸŸ¢ Very Low Risk â€“ No action
591978,35.0,,ðŸŸ¢ Very Low Risk â€“ No action
592081,14.0,,ðŸŸ¢ Very Low Risk â€“ No action
592147,37.0,,ðŸŸ¢ Very Low Risk â€“ No action
592205,34.0,,ðŸŸ¢ Very Low Risk â€“ No action
592256,22.0,,ðŸŸ¢ Very Low Risk â€“ No action
592290,37.0,,ðŸŸ¢ Very Low Risk â€“ No action
592317,34.0,,ðŸŸ¢ Very Low Risk â€“ No action
592322,35.0,,ðŸŸ¢ Very Low Risk â€“ No action
592441,34.0,,ðŸŸ¢ Very Low Risk â€“ No action
592471,36.0,,ðŸŸ¢ Very Low Risk â€“ No action
592480,36.0,,ðŸŸ¢ Very Low Risk â€“ No action
592496,37.0,,ðŸŸ¢ Very Low Risk â€“ No action
592618,36.0,,ðŸŸ¢ Very Low Risk â€“ No action
592624,38.0,,ðŸŸ¢ Very Low Risk â€“ No action
592772,37.0,,ðŸŸ¢ Very Low Risk â€“ No action
592815,30.0,,ðŸŸ¢ Very Low Risk â€“ No action
592854,35.0,,ðŸŸ¢ Very Low Risk â€“ No action
592900,37.0,,ðŸŸ¢ Very Low Risk â€“ No action
592949,27.0,,ðŸŸ¢ Very Low Risk â€“ No action
592972,0.5,,ðŸŸ¢ Very Low Risk â€“ No action
593023,30.0,,ðŸŸ¢ Very Low Risk â€“ No action
593081,29.0,,ðŸŸ¢ Very Low Risk â€“ No action
593189,5.0,,ðŸŸ¢ Very Low Risk â€“ No action
593281,13.0,,ðŸŸ¢ Very Low Risk â€“ No action
593299,13.0,,ðŸŸ¢ Very Low Risk â€“ No action
593385,37.0,,ðŸŸ¢ Very Low Risk â€“ No action
593421,34.0,,ðŸŸ¢ Very Low Risk â€“ No action
593427,38.0,,ðŸŸ¢ Very Low Risk â€“ No action
593441,11.0,,ðŸŸ¢ Very Low Risk â€“ No action
593443,3.0,,ðŸŸ¢ Very Low Risk â€“ No action
593444,38.0,,ðŸŸ¢ Very Low Risk â€“ No action
593510,38.0,,ðŸŸ¢ Very Low Risk â€“ No action
593513,30.0,,ðŸŸ¢ Very Low Risk â€“ No action
593514,33.0,,ðŸŸ¢ Very Low Risk â€“ No action
593593,34.0,,ðŸŸ¢ Very Low Risk â€“ No action
593613,6.0,,ðŸŸ¢ Very Low Risk â€“ No action
593631,36.0,,ðŸŸ¢ Very Low Risk â€“ No action
593685,29.0,,ðŸŸ¢ Very Low Risk â€“ No action
593692,37.0,,ðŸŸ¢ Very Low Risk â€“ No action
593694,38.0,,ðŸŸ¢ Very Low Risk â€“ No action
593695,31.0,,ðŸŸ¢ Very Low Risk â€“ No action
593707,9.0,,ðŸŸ¢ Very Low Risk â€“ No action
593709,13.0,,ðŸŸ¢ Very Low Risk â€“ No action
593711,34.0,,ðŸŸ¢ Very Low Risk â€“ No action
593712,34.0,,ðŸŸ¢ Very Low Risk â€“ No action
593715,34.0,,ðŸŸ¢ Very Low Risk â€“ No action
593727,37.0,,ðŸŸ¢ Very Low Risk â€“ No action
593743,38.0,,ðŸŸ¢ Very Low Risk â€“ No action
593798,35.0,,ðŸŸ¢ Very Low Risk â€“ No action
593871,38.0,,ðŸŸ¢ Very Low Risk â€“ No action
593875,38.0,,ðŸŸ¢ Very Low Risk â€“ No action
593898,38.0,,ðŸŸ¢ Very Low Risk â€“ No action
593900,34.0,,ðŸŸ¢ Very Low Risk â€“ No action
593930,3.0,,ðŸŸ¢ Very Low Risk â€“ No action
594015,34.0,,ðŸŸ¢ Very Low Risk â€“ No action
594038,20.0,,ðŸŸ¢ Very Low Risk â€“ No action
594043,14.0,,ðŸŸ¢ Very Low Risk â€“ No action
594056,38.0,,ðŸŸ¢ Very Low Risk â€“ No action
594456,37.0,,ðŸŸ¢ Very Low Risk â€“ No action
594468,36.0,,ðŸŸ¢ Very Low Risk â€“ No action
594497,18.0,,ðŸŸ¢ Very Low Risk â€“ No action
594529,37.0,,ðŸŸ¢ Very Low Risk â€“ No action
594677,36.0,,ðŸŸ¢ Very Low Risk â€“ No action
594693,37.0,,ðŸŸ¢ Very Low Risk â€“ No action
594697,6.0,,ðŸŸ¢ Very Low Risk â€“ No action
594762,34.0,,ðŸŸ¢ Very Low Risk â€“ No action
594776,38.0,,ðŸŸ¢ Very Low Risk â€“ No action
594812,1.0,,ðŸŸ¢ Very Low Risk â€“ No action
594845,29.0,,ðŸŸ¢ Very Low Risk â€“ No action
594928,37.0,,ðŸŸ¢ Very Low Risk â€“ No action
595010,30.0,,ðŸŸ¢ Very Low Risk â€“ No action
595094,33.0,,ðŸŸ¢ Very Low Risk â€“ No action
595103,34.0,,ðŸŸ¢ Very Low Risk â€“ No action
595138,37.0,,ðŸŸ¢ Very Low Risk â€“ No action
595232,5.0,,ðŸŸ¢ Very Low Risk â€“ No action
595241,23.0,,ðŸŸ¢ Very Low Risk â€“ No action
595295,34.0,,ðŸŸ¢ Very Low Risk â€“ No action
595298,18.0,,ðŸŸ¢ Very Low Risk â€“ No action
595345,35.0,,ðŸŸ¢ Very Low Risk â€“ No action
595436,36.0,,ðŸŸ¢ Very Low Risk â€“ No action
595499,33.0,,ðŸŸ¢ Very Low Risk â€“ No action
595509,7.0,,ðŸŸ¢ Very Low Risk â€“ No action
595570,38.0,,ðŸŸ¢ Very Low Risk â€“ No action
595594,0.5,,ðŸŸ¢ Very Low Risk â€“ No action
595672,34.0,,ðŸŸ¢ Very Low Risk â€“ No action
595678,37.0,,ðŸŸ¢ Very Low Risk â€“ No action
595711,3.0,,ðŸŸ¢ Very Low Risk â€“ No action
595791,1.0,,ðŸŸ¢ Very Low Risk â€“ No action
595818,37.0,,ðŸŸ¢ Very Low Risk â€“ No action
595854,38.0,,ðŸŸ¢ Very Low Risk â€“ No action
595874,38.0,,ðŸŸ¢ Very Low Risk â€“ No action
595877,3.0,,ðŸŸ¢ Very Low Risk â€“ No action
595925,37.0,,ðŸŸ¢ Very Low Risk â€“ No action
596016,7.0,,ðŸŸ¢ Very Low Risk â€“ No action
596017,35.0,,ðŸŸ¢ Very Low Risk â€“ No action
596041,18.0,,ðŸŸ¢ Very Low Risk â€“ No action
596100,15.0,,ðŸŸ¢ Very Low Risk â€“ No action
596107,37.0,,ðŸŸ¢ Very Low Risk â€“ No action
596108,36.0,,ðŸŸ¢ Very Low Risk â€“ No action
596114,38.0,,ðŸŸ¢ Very Low Risk â€“ No action
596144,34.0,,ðŸŸ¢ Very Low Risk â€“ No action
596242,34.0,,ðŸŸ¢ Very Low Risk â€“ No action
596275,9.0,,ðŸŸ¢ Very Low Risk â€“ No action
596305,38.0,,ðŸŸ¢ Very Low Risk â€“ No action
596360,7.0,,ðŸŸ¢ Very Low Risk â€“ No action
596372,35.0,,ðŸŸ¢ Very Low Risk â€“ No action
596390,34.0,,ðŸŸ¢ Very Low Risk â€“ No action
596417,38.0,,ðŸŸ¢ Very Low Risk â€“ No action
596451,38.0,,ðŸŸ¢ Very Low Risk â€“ No action
596535,34.0,,ðŸŸ¢ Very Low Risk â€“ No action
596596,34.0,,ðŸŸ¢ Very Low Risk â€“ No action
596677,21.0,,ðŸŸ¢ Very Low Risk â€“ No action
596814,2.0,,ðŸŸ¢ Very Low Risk â€“ No action
596847,29.0,,ðŸŸ¢ Very Low Risk â€“ No action
596849,14.0,,ðŸŸ¢ Very Low Risk â€“ No action
596892,32.0,,ðŸŸ¢ Very Low Risk â€“ No action
596897,29.0,,ðŸŸ¢ Very Low Risk â€“ No action
596961,15.0,,ðŸŸ¢ Very Low Risk â€“ No action
596964,34.0,,ðŸŸ¢ Very Low Risk â€“ No action
597033,5.0,,ðŸŸ¢ Very Low Risk â€“ No action
597050,33.0,,ðŸŸ¢ Very Low Risk â€“ No action
597078,18.0,,ðŸŸ¢ Very Low Risk â€“ No action
597102,34.0,,ðŸŸ¢ Very Low Risk â€“ No action
597142,7.0,,ðŸŸ¢ Very Low Risk â€“ No action
597255,18.0,,ðŸŸ¢ Very Low Risk â€“ No action
597286,34.0,,ðŸŸ¢ Very Low Risk â€“ No action
597301,33.0,,ðŸŸ¢ Very Low Risk â€“ No action
597321,4.0,,ðŸŸ¢ Very Low Risk â€“ No action
597451,2.0,,ðŸŸ¢ Very Low Risk â€“ No action
597532,29.0,,ðŸŸ¢ Very Low Risk â€“ No action
597582,15.0,,ðŸŸ¢ Very Low Risk â€“ No action
597689,29.0,,ðŸŸ¢ Very Low Risk â€“ No action
597742,35.0,,ðŸŸ¢ Very Low Risk â€“ No action
597790,36.0,,ðŸŸ¢ Very Low Risk â€“ No action
597866,28.0,,ðŸŸ¢ Very Low Risk â€“ No action
597878,34.0,,ðŸŸ¢ Very Low Risk â€“ No action
597886,38.0,,ðŸŸ¢ Very Low Risk â€“ No action
597894,37.0,,ðŸŸ¢ Very Low Risk â€“ No action
598000,37.0,,ðŸŸ¢ Very Low Risk â€“ No action
598202,3.0,,ðŸŸ¢ Very Low Risk â€“ No action
598230,38.0,,ðŸŸ¢ Very Low Risk â€“ No action
598243,35.0,,ðŸŸ¢ Very Low Risk â€“ No action
598252,29.0,,ðŸŸ¢ Very Low Risk â€“ No action
598253,37.0,,ðŸŸ¢ Very Low Risk â€“ No action
598260,30.0,,ðŸŸ¢ Very Low Risk â€“ No action
598351,36.0,,ðŸŸ¢ Very Low Risk â€“ No action
598462,34.0,,ðŸŸ¢ Very Low Risk â€“ No action
598503,9.0,,ðŸŸ¢ Very Low Risk â€“ No action
598538,3.0,,ðŸŸ¢ Very Low Risk â€“ No action
598562,2.0,,ðŸŸ¢ Very Low Risk â€“ No action
598623,37.0,,ðŸŸ¢ Very Low Risk â€“ No action
598709,36.0,,ðŸŸ¢ Very Low Risk â€“ No action
598760,34.0,,ðŸŸ¢ Very Low Risk â€“ No action
598865,34.0,,ðŸŸ¢ Very Low Risk â€“ No action
598883,33.0,,ðŸŸ¢ Very Low Risk â€“ No action
598907,38.0,,ðŸŸ¢ Very Low Risk â€“ No action
598914,34.0,,ðŸŸ¢ Very Low Risk â€“ No action
598969,38.0,,ðŸŸ¢ Very Low Risk â€“ No action
598986,32.0,,ðŸŸ¢ Very Low Risk â€“ No action
599016,29.0,,ðŸŸ¢ Very Low Risk â€“ No action
599037,37.0,,ðŸŸ¢ Very Low Risk â€“ No action
599230,38.0,,ðŸŸ¢ Very Low Risk â€“ No action
599292,38.0,,ðŸŸ¢ Very Low Risk â€“ No action
599402,34.0,,ðŸŸ¢ Very Low Risk â€“ No action
599423,4.0,,ðŸŸ¢ Very Low Risk â€“ No action
599427,34.0,,ðŸŸ¢ Very Low Risk â€“ No action
599432,6.0,,ðŸŸ¢ Very Low Risk â€“ No action
599434,17.0,,ðŸŸ¢ Very Low Risk â€“ No action
599639,18.0,,ðŸŸ¢ Very Low Risk â€“ No action
599640,2.0,,ðŸŸ¢ Very Low Risk â€“ No action
599644,16.0,,ðŸŸ¢ Very Low Risk â€“ No action
599709,18.0,,ðŸŸ¢ Very Low Risk â€“ No action
599739,34.0,,ðŸŸ¢ Very Low Risk â€“ No action
599748,37.0,,ðŸŸ¢ Very Low Risk â€“ No action
599785,33.0,,ðŸŸ¢ Very Low Risk â€“ No action
599787,37.0,,ðŸŸ¢ Very Low Risk â€“ No action
599794,37.0,,ðŸŸ¢ Very Low Risk â€“ No action
599802,6.0,,ðŸŸ¢ Very Low Risk â€“ No action
599836,34.0,,ðŸŸ¢ Very Low Risk â€“ No action
599840,34.0,,ðŸŸ¢ Very Low Risk â€“ No action
599895,38.0,,ðŸŸ¢ Very Low Risk â€“ No action
599908,36.0,,ðŸŸ¢ Very Low Risk â€“ No action
599960,9.0,,ðŸŸ¢ Very Low Risk â€“ No action
600121,38.0,,ðŸŸ¢ Very Low Risk â€“ No action
600211,2.0,,ðŸŸ¢ Very Low Risk â€“ No action
600254,0.5,,ðŸŸ¢ Very Low Risk â€“ No action
600263,2.0,,ðŸŸ¢ Very Low Risk â€“ No action
600279,35.0,,ðŸŸ¢ Very Low Risk â€“ No action
600370,35.0,,ðŸŸ¢ Very Low Risk â€“ No action
600428,6.0,,ðŸŸ¢ Very Low Risk â€“ No action
600449,10.0,,ðŸŸ¢ Very Low Risk â€“ No action
600470,28.0,,ðŸŸ¢ Very Low Risk â€“ No action
600476,2.0,,ðŸŸ¢ Very Low Risk â€“ No action
600490,37.0,,ðŸŸ¢ Very Low Risk â€“ No action
600579,33.0,,ðŸŸ¢ Very Low Risk â€“ No action
600684,37.0,,ðŸŸ¢ Very Low Risk â€“ No action
600740,34.0,,ðŸŸ¢ Very Low Risk â€“ No action
600749,3.0,,ðŸŸ¢ Very Low Risk â€“ No action
600770,4.0,,ðŸŸ¢ Very Low Risk â€“ No action
600771,34.0,,ðŸŸ¢ Very Low Risk â€“ No action
600845,2.0,,ðŸŸ¢ Very Low Risk â€“ No action
600856,34.0,,ðŸŸ¢ Very Low Risk â€“ No action
600966,37.0,,ðŸŸ¢ Very Low Risk â€“ No action
600967,3.0,,ðŸŸ¢ Very Low Risk â€“ No action
600999,7.0,,ðŸŸ¢ Very Low Risk â€“ No action
601243,37.0,,ðŸŸ¢ Very Low Risk â€“ No action
601251,35.0,,ðŸŸ¢ Very Low Risk â€“ No action
601269,34.0,,ðŸŸ¢ Very Low Risk â€“ No action
601346,34.0,,ðŸŸ¢ Very Low Risk â€“ No action
601455,30.0,,ðŸŸ¢ Very Low Risk â€“ No action
601472,18.0,,ðŸŸ¢ Very Low Risk â€“ No action
601497,35.0,,ðŸŸ¢ Very Low Risk â€“ No action
601499,38.0,,ðŸŸ¢ Very Low Risk â€“ No action
601504,35.0,,ðŸŸ¢ Very Low Risk â€“ No action
601505,34.0,,ðŸŸ¢ Very Low Risk â€“ No action
601551,23.0,,ðŸŸ¢ Very Low Risk â€“ No action
601558,37.0,,ðŸŸ¢ Very Low Risk â€“ No action
601635,36.0,,ðŸŸ¢ Very Low Risk â€“ No action
601655,37.0,,ðŸŸ¢ Very Low Risk â€“ No action
601706,33.0,,ðŸŸ¢ Very Low Risk â€“ No action
601885,35.0,,ðŸŸ¢ Very Low Risk â€“ No action
601887,35.0,,ðŸŸ¢ Very Low Risk â€“ No action
601896,34.0,,ðŸŸ¢ Very Low Risk â€“ No action
601934,22.0,,ðŸŸ¢ Very Low Risk â€“ No action
601951,25.0,,ðŸŸ¢ Very Low Risk â€“ No action
602009,34.0,,ðŸŸ¢ Very Low Risk â€“ No action
602014,36.0,,ðŸŸ¢ Very Low Risk â€“ No action
602032,5.0,,ðŸŸ¢ Very Low Risk â€“ No action
602066,36.0,,ðŸŸ¢ Very Low Risk â€“ No action
602147,38.0,,ðŸŸ¢ Very Low Risk â€“ No action
602245,37.0,,ðŸŸ¢ Very Low Risk â€“ No action
602324,18.0,,ðŸŸ¢ Very Low Risk â€“ No action
602395,34.0,,ðŸŸ¢ Very Low Risk â€“ No action
602458,35.0,,ðŸŸ¢ Very Low Risk â€“ No action
602483,20.0,,ðŸŸ¢ Very Low Risk â€“ No action
602496,35.0,,ðŸŸ¢ Very Low Risk â€“ No action
602598,6.0,,ðŸŸ¢ Very Low Risk â€“ No action
602634,0.5,,ðŸŸ¢ Very Low Risk â€“ No action
602652,4.0,,ðŸŸ¢ Very Low Risk â€“ No action
602666,1.0,,ðŸŸ¢ Very Low Risk â€“ No action
602739,13.0,,ðŸŸ¢ Very Low Risk â€“ No action
602767,26.0,,ðŸŸ¢ Very Low Risk â€“ No action
602803,1.0,,ðŸŸ¢ Very Low Risk â€“ No action
602826,21.0,,ðŸŸ¢ Very Low Risk â€“ No action
603012,38.0,,ðŸŸ¢ Very Low Risk â€“ No action
603035,29.0,,ðŸŸ¢ Very Low Risk â€“ No action
603036,36.0,,ðŸŸ¢ Very Low Risk â€“ No action
603038,34.0,,ðŸŸ¢ Very Low Risk â€“ No action
603123,37.0,,ðŸŸ¢ Very Low Risk â€“ No action
603165,37.0,,ðŸŸ¢ Very Low Risk â€“ No action
603210,36.0,,ðŸŸ¢ Very Low Risk â€“ No action
603265,15.0,,ðŸŸ¢ Very Low Risk â€“ No action
603270,37.0,,ðŸŸ¢ Very Low Risk â€“ No action
603287,34.0,,ðŸŸ¢ Very Low Risk â€“ No action
603398,33.0,,ðŸŸ¢ Very Low Risk â€“ No action
603440,34.0,,ðŸŸ¢ Very Low Risk â€“ No action
603446,34.0,,ðŸŸ¢ Very Low Risk â€“ No action
603601,35.0,,ðŸŸ¢ Very Low Risk â€“ No action
603627,33.0,,ðŸŸ¢ Very Low Risk â€“ No action
603661,36.0,,ðŸŸ¢ Very Low Risk â€“ No action
603818,19.0,,ðŸŸ¢ Very Low Risk â€“ No action
603908,34.0,,ðŸŸ¢ Very Low Risk â€“ No action
603910,12.0,,ðŸŸ¢ Very Low Risk â€“ No action
603912,33.0,,ðŸŸ¢ Very Low Risk â€“ No action
604095,28.0,,ðŸŸ¢ Very Low Risk â€“ No action
604116,34.0,,ðŸŸ¢ Very Low Risk â€“ No action
604147,29.0,,ðŸŸ¢ Very Low Risk â€“ No action
604151,38.0,,ðŸŸ¢ Very Low Risk â€“ No action
604154,28.0,,ðŸŸ¢ Very Low Risk â€“ No action
604187,37.0,,ðŸŸ¢ Very Low Risk â€“ No action
604196,34.0,,ðŸŸ¢ Very Low Risk â€“ No action
604200,38.0,,ðŸŸ¢ Very Low Risk â€“ No action
604204,36.0,,ðŸŸ¢ Very Low Risk â€“ No action
604238,38.0,,ðŸŸ¢ Very Low Risk â€“ No action
604292,38.0,,ðŸŸ¢ Very Low Risk â€“ No action
604315,38.0,,ðŸŸ¢ Very Low Risk â€“ No action
604356,34.0,,ðŸŸ¢ Very Low Risk â€“ No action
604523,2.0,,ðŸŸ¢ Very Low Risk â€“ No action
604543,37.0,,ðŸŸ¢ Very Low Risk â€“ No action
604556,34.0,,ðŸŸ¢ Very Low Risk â€“ No action
604610,0.5,,ðŸŸ¢ Very Low Risk â€“ No action
604731,29.0,,ðŸŸ¢ Very Low Risk â€“ No action
604752,7.0,,ðŸŸ¢ Very Low Risk â€“ No action
604916,38.0,,ðŸŸ¢ Very Low Risk â€“ No action
604917,35.0,,ðŸŸ¢ Very Low Risk â€“ No action
604919,36.0,,ðŸŸ¢ Very Low Risk â€“ No action
604921,37.0,,ðŸŸ¢ Very Low Risk â€“ No action
604923,7.0,,ðŸŸ¢ Very Low Risk â€“ No action
604932,31.0,,ðŸŸ¢ Very Low Risk â€“ No action
604939,35.0,,ðŸŸ¢ Very Low Risk â€“ No action
604942,35.0,,ðŸŸ¢ Very Low Risk â€“ No action
604951,7.0,,ðŸŸ¢ Very Low Risk â€“ No action
604962,2.0,,ðŸŸ¢ Very Low Risk â€“ No action
604966,37.0,,ðŸŸ¢ Very Low Risk â€“ No action
604982,37.0,,ðŸŸ¢ Very Low Risk â€“ No action
605009,35.0,,ðŸŸ¢ Very Low Risk â€“ No action
605102,33.0,,ðŸŸ¢ Very Low Risk â€“ No action
605207,36.0,,ðŸŸ¢ Very Low Risk â€“ No action
605246,34.0,,ðŸŸ¢ Very Low Risk â€“ No action
605255,23.0,,ðŸŸ¢ Very Low Risk â€“ No action
605309,4.0,,ðŸŸ¢ Very Low Risk â€“ No action
605327,15.0,,ðŸŸ¢ Very Low Risk â€“ No action
605390,37.0,,ðŸŸ¢ Very Low Risk â€“ No action
605438,34.0,,ðŸŸ¢ Very Low Risk â€“ No action
605505,26.0,,ðŸŸ¢ Very Low Risk â€“ No action
605594,23.0,,ðŸŸ¢ Very Low Risk â€“ No action
605595,29.0,,ðŸŸ¢ Very Low Risk â€“ No action
605679,34.0,,ðŸŸ¢ Very Low Risk â€“ No action
605691,1.0,,ðŸŸ¢ Very Low Risk â€“ No action
605832,29.0,,ðŸŸ¢ Very Low Risk â€“ No action
605854,32.0,,ðŸŸ¢ Very Low Risk â€“ No action
605882,4.0,,ðŸŸ¢ Very Low Risk â€“ No action
605916,37.0,,ðŸŸ¢ Very Low Risk â€“ No action
605930,33.0,,ðŸŸ¢ Very Low Risk â€“ No action
606063,3.0,,ðŸŸ¢ Very Low Risk â€“ No action
606097,37.0,,ðŸŸ¢ Very Low Risk â€“ No action
606179,32.0,,ðŸŸ¢ Very Low Risk â€“ No action
606194,38.0,,ðŸŸ¢ Very Low Risk â€“ No action
606229,36.0,,ðŸŸ¢ Very Low Risk â€“ No action
606333,0.5,,ðŸŸ¢ Very Low Risk â€“ No action
606355,20.0,,ðŸŸ¢ Very Low Risk â€“ No action
606377,30.0,,ðŸŸ¢ Very Low Risk â€“ No action
606388,8.0,,ðŸŸ¢ Very Low Risk â€“ No action
606410,37.0,,ðŸŸ¢ Very Low Risk â€“ No action
606412,34.0,,ðŸŸ¢ Very Low Risk â€“ No action
606414,33.0,,ðŸŸ¢ Very Low Risk â€“ No action
606420,38.0,,ðŸŸ¢ Very Low Risk â€“ No action
606422,37.0,,ðŸŸ¢ Very Low Risk â€“ No action
606450,37.0,,ðŸŸ¢ Very Low Risk â€“ No action
606458,35.0,,ðŸŸ¢ Very Low Risk â€“ No action
606465,34.0,,ðŸŸ¢ Very Low Risk â€“ No action
606477,2.0,,ðŸŸ¢ Very Low Risk â€“ No action
606546,38.0,,ðŸŸ¢ Very Low Risk â€“ No action
606562,35.0,,ðŸŸ¢ Very Low Risk â€“ No action
606572,34.0,,ðŸŸ¢ Very Low Risk â€“ No action
606651,18.0,,ðŸŸ¢ Very Low Risk â€“ No action
606685,34.0,,ðŸŸ¢ Very Low Risk â€“ No action
606697,34.0,,ðŸŸ¢ Very Low Risk â€“ No action
606736,3.0,,ðŸŸ¢ Very Low Risk â€“ No action
606762,8.0,,ðŸŸ¢ Very Low Risk â€“ No action
606827,5.0,,ðŸŸ¢ Very Low Risk â€“ No action
607097,37.0,,ðŸŸ¢ Very Low Risk â€“ No action
607286,6.0,,ðŸŸ¢ Very Low Risk â€“ No action
607300,34.0,,ðŸŸ¢ Very Low Risk â€“ No action
607309,8.0,,ðŸŸ¢ Very Low Risk â€“ No action
607398,37.0,,ðŸŸ¢ Very Low Risk â€“ No action
607493,36.0,,ðŸŸ¢ Very Low Risk â€“ No action
607517,0.5,,ðŸŸ¢ Very Low Risk â€“ No action
607607,0.5,,ðŸŸ¢ Very Low Risk â€“ No action
607642,34.0,,ðŸŸ¢ Very Low Risk â€“ No action
607699,24.0,,ðŸŸ¢ Very Low Risk â€“ No action
607725,35.0,,ðŸŸ¢ Very Low Risk â€“ No action
607735,37.0,,ðŸŸ¢ Very Low Risk â€“ No action
607778,34.0,,ðŸŸ¢ Very Low Risk â€“ No action
607804,35.0,,ðŸŸ¢ Very Low Risk â€“ No action
607808,9.0,,ðŸŸ¢ Very Low Risk â€“ No action
607848,14.0,,ðŸŸ¢ Very Low Risk â€“ No action
607887,34.0,,ðŸŸ¢ Very Low Risk â€“ No action
607889,34.0,,ðŸŸ¢ Very Low Risk â€“ No action
607892,35.0,,ðŸŸ¢ Very Low Risk â€“ No action
607909,35.0,,ðŸŸ¢ Very Low Risk â€“ No action
607914,38.0,,ðŸŸ¢ Very Low Risk â€“ No action
607937,38.0,,ðŸŸ¢ Very Low Risk â€“ No action
608000,35.0,,ðŸŸ¢ Very Low Risk â€“ No action
608041,37.0,,ðŸŸ¢ Very Low Risk â€“ No action
608047,34.0,,ðŸŸ¢ Very Low Risk â€“ No action
608264,37.0,,ðŸŸ¢ Very Low Risk â€“ No action
608419,37.0,,ðŸŸ¢ Very Low Risk â€“ No action
608497,7.0,,ðŸŸ¢ Very Low Risk â€“ No action
608564,18.0,,ðŸŸ¢ Very Low Risk â€“ No action
608578,35.0,,ðŸŸ¢ Very Low Risk â€“ No action
608623,34.0,,ðŸŸ¢ Very Low Risk â€“ No action
608647,36.0,,ðŸŸ¢ Very Low Risk â€“ No action
608719,5.0,,ðŸŸ¢ Very Low Risk â€“ No action
608738,35.0,,ðŸŸ¢ Very Low Risk â€“ No action
608766,37.0,,ðŸŸ¢ Very Low Risk â€“ No action
608939,6.0,,ðŸŸ¢ Very Low Risk â€“ No action
608942,16.0,,ðŸŸ¢ Very Low Risk â€“ No action
609010,29.0,,ðŸŸ¢ Very Low Risk â€“ No action
609046,36.0,,ðŸŸ¢ Very Low Risk â€“ No action
609047,36.0,,ðŸŸ¢ Very Low Risk â€“ No action
609193,4.0,,ðŸŸ¢ Very Low Risk â€“ No action
609230,5.0,,ðŸŸ¢ Very Low Risk â€“ No action
609307,36.0,,ðŸŸ¢ Very Low Risk â€“ No action
609422,9.0,,ðŸŸ¢ Very Low Risk â€“ No action
609510,36.0,,ðŸŸ¢ Very Low Risk â€“ No action
609679,34.0,,ðŸŸ¢ Very Low Risk â€“ No action
609704,37.0,,ðŸŸ¢ Very Low Risk â€“ No action
609764,6.0,,ðŸŸ¢ Very Low Risk â€“ No action
609804,23.0,,ðŸŸ¢ Very Low Risk â€“ No action
609811,38.0,,ðŸŸ¢ Very Low Risk â€“ No action
609812,34.0,,ðŸŸ¢ Very Low Risk â€“ No action
609815,34.0,,ðŸŸ¢ Very Low Risk â€“ No action
609817,34.0,,ðŸŸ¢ Very Low Risk â€“ No action
609850,6.0,,ðŸŸ¢ Very Low Risk â€“ No action
609860,0.5,,ðŸŸ¢ Very Low Risk â€“ No action
609864,34.0,,ðŸŸ¢ Very Low Risk â€“ No action
609871,35.0,,ðŸŸ¢ Very Low Risk â€“ No action
609873,8.0,,ðŸŸ¢ Very Low Risk â€“ No action
609887,5.0,,ðŸŸ¢ Very Low Risk â€“ No action
610032,36.0,,ðŸŸ¢ Very Low Risk â€“ No action
610059,34.0,,ðŸŸ¢ Very Low Risk â€“ No action
610260,34.0,,ðŸŸ¢ Very Low Risk â€“ No action
610362,38.0,,ðŸŸ¢ Very Low Risk â€“ No action
610423,18.0,,ðŸŸ¢ Very Low Risk â€“ No action
610428,34.0,,ðŸŸ¢ Very Low Risk â€“ No action
610553,29.0,,ðŸŸ¢ Very Low Risk â€“ No action
610700,17.0,,ðŸŸ¢ Very Low Risk â€“ No action
610725,31.0,,ðŸŸ¢ Very Low Risk â€“ No action
610731,13.0,,ðŸŸ¢ Very Low Risk â€“ No action
610745,32.0,,ðŸŸ¢ Very Low Risk â€“ No action
610750,34.0,,ðŸŸ¢ Very Low Risk â€“ No action
610751,3.0,,ðŸŸ¢ Very Low Risk â€“ No action
610763,29.0,,ðŸŸ¢ Very Low Risk â€“ No action
610776,6.0,,ðŸŸ¢ Very Low Risk â€“ No action
610780,23.0,,ðŸŸ¢ Very Low Risk â€“ No action
610802,19.0,,ðŸŸ¢ Very Low Risk â€“ No action
610804,9.0,,ðŸŸ¢ Very Low Risk â€“ No action
610906,34.0,,ðŸŸ¢ Very Low Risk â€“ No action
611004,6.0,,ðŸŸ¢ Very Low Risk â€“ No action
611012,37.0,,ðŸŸ¢ Very Low Risk â€“ No action
611017,34.0,,ðŸŸ¢ Very Low Risk â€“ No action
611023,35.0,,ðŸŸ¢ Very Low Risk â€“ No action
611048,3.0,,ðŸŸ¢ Very Low Risk â€“ No action
611051,6.0,,ðŸŸ¢ Very Low Risk â€“ No action
611060,34.0,,ðŸŸ¢ Very Low Risk â€“ No action
611096,2.0,,ðŸŸ¢ Very Low Risk â€“ No action
611182,20.0,,ðŸŸ¢ Very Low Risk â€“ No action
611228,35.0,,ðŸŸ¢ Very Low Risk â€“ No action
611268,29.0,,ðŸŸ¢ Very Low Risk â€“ No action
611315,37.0,,ðŸŸ¢ Very Low Risk â€“ No action
611345,21.0,,ðŸŸ¢ Very Low Risk â€“ No action
611383,35.0,,ðŸŸ¢ Very Low Risk â€“ No action
611531,38.0,,ðŸŸ¢ Very Low Risk â€“ No action
611688,34.0,,ðŸŸ¢ Very Low Risk â€“ No action
611690,33.0,,ðŸŸ¢ Very Low Risk â€“ No action
612210,34.0,,ðŸŸ¢ Very Low Risk â€“ No action
612217,35.0,,ðŸŸ¢ Very Low Risk â€“ No action
612252,37.0,,ðŸŸ¢ Very Low Risk â€“ No action
612255,34.0,,ðŸŸ¢ Very Low Risk â€“ No action
612355,34.0,,ðŸŸ¢ Very Low Risk â€“ No action
612361,34.0,,ðŸŸ¢ Very Low Risk â€“ No action
612484,37.0,,ðŸŸ¢ Very Low Risk â€“ No action
612488,34.0,,ðŸŸ¢ Very Low Risk â€“ No action
612517,29.0,,ðŸŸ¢ Very Low Risk â€“ No action
612656,34.0,,ðŸŸ¢ Very Low Risk â€“ No action
612658,34.0,,ðŸŸ¢ Very Low Risk â€“ No action
612661,38.0,,ðŸŸ¢ Very Low Risk â€“ No action
612684,34.0,,ðŸŸ¢ Very Low Risk â€“ No action
612757,37.0,,ðŸŸ¢ Very Low Risk â€“ No action
612891,36.0,,ðŸŸ¢ Very Low Risk â€“ No action
613051,4.0,,ðŸŸ¢ Very Low Risk â€“ No action
613158,35.0,,ðŸŸ¢ Very Low Risk â€“ No action
613160,28.0,,ðŸŸ¢ Very Low Risk â€“ No action
613162,3.0,,ðŸŸ¢ Very Low Risk â€“ No action
613164,27.0,,ðŸŸ¢ Very Low Risk â€“ No action
613171,33.0,,ðŸŸ¢ Very Low Risk â€“ No action
613173,36.0,,ðŸŸ¢ Very Low Risk â€“ No action
613175,23.0,,ðŸŸ¢ Very Low Risk â€“ No action
613177,37.0,,ðŸŸ¢ Very Low Risk â€“ No action
613191,4.0,,ðŸŸ¢ Very Low Risk â€“ No action
613196,34.0,,ðŸŸ¢ Very Low Risk â€“ No action
613199,13.0,,ðŸŸ¢ Very Low Risk â€“ No action
613200,37.0,,ðŸŸ¢ Very Low Risk â€“ No action
613203,37.0,,ðŸŸ¢ Very Low Risk â€“ No action
613208,37.0,,ðŸŸ¢ Very Low Risk â€“ No action
613293,34.0,,ðŸŸ¢ Very Low Risk â€“ No action
613298,5.0,,ðŸŸ¢ Very Low Risk â€“ No action
613416,29.0,,ðŸŸ¢ Very Low Risk â€“ No action
613418,36.0,,ðŸŸ¢ Very Low Risk â€“ No action
613735,35.0,,ðŸŸ¢ Very Low Risk â€“ No action
613738,37.0,,ðŸŸ¢ Very Low Risk â€“ No action
614013,36.0,,ðŸŸ¢ Very Low Risk â€“ No action
614064,34.0,,ðŸŸ¢ Very Low Risk â€“ No action
614068,21.0,,ðŸŸ¢ Very Low Risk â€“ No action
614072,38.0,,ðŸŸ¢ Very Low Risk â€“ No action
614148,10.0,,ðŸŸ¢ Very Low Risk â€“ No action
614495,34.0,,ðŸŸ¢ Very Low Risk â€“ No action
614546,38.0,,ðŸŸ¢ Very Low Risk â€“ No action
614556,36.0,,ðŸŸ¢ Very Low Risk â€“ No action
615127,38.0,,ðŸŸ¢ Very Low Risk â€“ No action
615148,13.0,,ðŸŸ¢ Very Low Risk â€“ No action
616342,35.0,,ðŸŸ¢ Very Low Risk â€“ No action
616735,38.0,,ðŸŸ¢ Very Low Risk â€“ No action
617116,29.0,,ðŸŸ¢ Very Low Risk â€“ No action
617472,30.0,,ðŸŸ¢ Very Low Risk â€“ No action
619082,36.0,,ðŸŸ¢ Very Low Risk â€“ No action
619941,37.0,,ðŸŸ¢ Very Low Risk â€“ No action
1105438,34.0,,ðŸŸ¢ Very Low Risk â€“ No action
1170618,38.0,,ðŸŸ¢ Very Low Risk â€“ No action
1340766,34.0,,ðŸŸ¢ Very Low Risk â€“ No action
1399285,32.0,,ðŸŸ¢ Very Low Risk â€“ No action
1405594,38.0,,ðŸŸ¢ Very Low Risk â€“ No action
1411627,38.0,,ðŸŸ¢ Very Low Risk â€“ No action
1413989,8.0,,ðŸŸ¢ Very Low Risk â€“ No action
1421720,36.0,,ðŸŸ¢ Very Low Risk â€“ No action
1440341,38.0,,ðŸŸ¢ Very Low Risk â€“ No action
1467014,38.0,,ðŸŸ¢ Very Low Risk â€“ No action
1503056,36.0,,ðŸŸ¢ Very Low Risk â€“ No action
1521687,15.0,,ðŸŸ¢ Very Low Risk â€“ No action
1536774,37.0,,ðŸŸ¢ Very Low Risk â€“ No action
1541133,38.0,,ðŸŸ¢ Very Low Risk â€“ No action
1588208,3.0,,ðŸŸ¢ Very Low Risk â€“ No action
1594621,34.0,,ðŸŸ¢ Very Low Risk â€“ No action
1624707,34.0,,ðŸŸ¢ Very Low Risk â€“ No action
1627017,36.0,,ðŸŸ¢ Very Low Risk â€“ No action
1695710,37.0,,ðŸŸ¢ Very Low Risk â€“ No action
1726951,35.0,,ðŸŸ¢ Very Low Risk â€“ No action
1731564,34.0,,ðŸŸ¢ Very Low Risk â€“ No action
1759851,5.0,,ðŸŸ¢ Very Low Risk â€“ No action
1771053,5.0,,ðŸŸ¢ Very Low Risk â€“ No action
1778145,37.0,,ðŸŸ¢ Very Low Risk â€“ No action
1781804,8.0,,ðŸŸ¢ Very Low Risk â€“ No action
1797168,34.0,,ðŸŸ¢ Very Low Risk â€“ No action
1866742,4.0,,ðŸŸ¢ Very Low Risk â€“ No action
1886295,38.0,,ðŸŸ¢ Very Low Risk â€“ No action
1889565,34.0,,ðŸŸ¢ Very Low Risk â€“ No action
1903677,29.0,,ðŸŸ¢ Very Low Risk â€“ No action
1910175,34.0,,ðŸŸ¢ Very Low Risk â€“ No action
1935487,13.0,,ðŸŸ¢ Very Low Risk â€“ No action
1939695,37.0,,ðŸŸ¢ Very Low Risk â€“ No action
1941248,38.0,,ðŸŸ¢ Very Low Risk â€“ No action
1946308,37.0,,ðŸŸ¢ Very Low Risk â€“ No action
1963287,6.0,,ðŸŸ¢ Very Low Risk â€“ No action
1990650,22.0,,ðŸŸ¢ Very Low Risk â€“ No action
1993672,25.0,,ðŸŸ¢ Very Low Risk â€“ No action
1998790,29.0,,ðŸŸ¢ Very Low Risk â€“ No action
2001687,37.0,,ðŸŸ¢ Very Low Risk â€“ No action
2002046,36.0,,ðŸŸ¢ Very Low Risk â€“ No action
2006283,29.0,,ðŸŸ¢ Very Low Risk â€“ No action
2023561,13.0,,ðŸŸ¢ Very Low Risk â€“ No action
2029037,35.0,,ðŸŸ¢ Very Low Risk â€“ No action
2034300,34.0,,ðŸŸ¢ Very Low Risk â€“ No action
2044036,4.0,,ðŸŸ¢ Very Low Risk â€“ No action
2056947,2.0,,ðŸŸ¢ Very Low Risk â€“ No action
2061889,34.0,,ðŸŸ¢ Very Low Risk â€“ No action
2062995,37.0,,ðŸŸ¢ Very Low Risk â€“ No action
2072166,24.0,,ðŸŸ¢ Very Low Risk â€“ No action
2078479,38.0,,ðŸŸ¢ Very Low Risk â€“ No action
2078768,38.0,,ðŸŸ¢ Very Low Risk â€“ No action
2083576,37.0,,ðŸŸ¢ Very Low Risk â€“ No action
2095379,30.0,,ðŸŸ¢ Very Low Risk â€“ No action
2111015,34.0,,ðŸŸ¢ Very Low Risk â€“ No action
2111666,17.0,,ðŸŸ¢ Very Low Risk â€“ No action
2115711,38.0,,ðŸŸ¢ Very Low Risk â€“ No action
2128304,37.0,,ðŸŸ¢ Very Low Risk â€“ No action
2132966,37.0,,ðŸŸ¢ Very Low Risk â€“ No action
2140444,26.0,,ðŸŸ¢ Very Low Risk â€“ No action
2147687,7.0,,ðŸŸ¢ Very Low Risk â€“ No action
2147929,30.0,,ðŸŸ¢ Very Low Risk â€“ No action
2153026,13.0,,ðŸŸ¢ Very Low Risk â€“ No action
2160453,38.0,,ðŸŸ¢ Very Low Risk â€“ No action
2164944,32.0,,ðŸŸ¢ Very Low Risk â€“ No action
2174835,34.0,,ðŸŸ¢ Very Low Risk â€“ No action
2187146,38.0,,ðŸŸ¢ Very Low Risk â€“ No action
2192113,2.0,,ðŸŸ¢ Very Low Risk â€“ No action
2196054,38.0,,ðŸŸ¢ Very Low Risk â€“ No action
2210666,6.0,,ðŸŸ¢ Very Low Risk â€“ No action
2211448,2.0,,ðŸŸ¢ Very Low Risk â€“ No action
2211630,8.0,,ðŸŸ¢ Very Low Risk â€“ No action
2214631,33.0,,ðŸŸ¢ Very Low Risk â€“ No action
2225190,2.0,,ðŸŸ¢ Very Low Risk â€“ No action
2226301,37.0,,ðŸŸ¢ Very Low Risk â€“ No action
2227004,7.0,,ðŸŸ¢ Very Low Risk â€“ No action
2229783,23.0,,ðŸŸ¢ Very Low Risk â€“ No action
2239140,4.0,,ðŸŸ¢ Very Low Risk â€“ No action
2242290,15.0,,ðŸŸ¢ Very Low Risk â€“ No action
2262671,13.0,,ðŸŸ¢ Very Low Risk â€“ No action
2266650,8.0,,ðŸŸ¢ Very Low Risk â€“ No action
2271644,35.0,,ðŸŸ¢ Very Low Risk â€“ No action
2271743,0.5,,ðŸŸ¢ Very Low Risk â€“ No action
2272630,0.5,,ðŸŸ¢ Very Low Risk â€“ No action
2273256,11.0,,ðŸŸ¢ Very Low Risk â€“ No action
2276893,0.5,,ðŸŸ¢ Very Low Risk â€“ No action
2280314,34.0,,ðŸŸ¢ Very Low Risk â€“ No action
2282129,13.0,,ðŸŸ¢ Very Low Risk â€“ No action
2284583,37.0,,ðŸŸ¢ Very Low Risk â€“ No action
2294490,15.0,,ðŸŸ¢ Very Low Risk â€“ No action
2296908,0.5,,ðŸŸ¢ Very Low Risk â€“ No action
2299338,38.0,,ðŸŸ¢ Very Low Risk â€“ No action
2318763,24.0,,ðŸŸ¢ Very Low Risk â€“ No action
2320306,37.0,,ðŸŸ¢ Very Low Risk â€“ No action
2334319,34.0,,ðŸŸ¢ Very Low Risk â€“ No action
2338586,33.0,,ðŸŸ¢ Very Low Risk â€“ No action
2349825,16.0,,ðŸŸ¢ Very Low Risk â€“ No action
2356809,37.0,,ðŸŸ¢ Very Low Risk â€“ No action
2363875,36.0,,ðŸŸ¢ Very Low Risk â€“ No action
2382253,24.0,,ðŸŸ¢ Very Low Risk â€“ No action
2390117,33.0,,ðŸŸ¢ Very Low Risk â€“ No action
2392824,36.0,,ðŸŸ¢ Very Low Risk â€“ No action
2396786,6.0,,ðŸŸ¢ Very Low Risk â€“ No action
2400851,35.0,,ðŸŸ¢ Very Low Risk â€“ No action
2411595,37.0,,ðŸŸ¢ Very Low Risk â€“ No action
2415414,36.0,,ðŸŸ¢ Very Low Risk â€“ No action
2416774,34.0,,ðŸŸ¢ Very Low Risk â€“ No action
2420909,34.0,,ðŸŸ¢ Very Low Risk â€“ No action
2421929,10.0,,ðŸŸ¢ Very Low Risk â€“ No action
2425156,34.0,,ðŸŸ¢ Very Low Risk â€“ No action
2444641,36.0,,ðŸŸ¢ Very Low Risk â€“ No action
2451269,38.0,,ðŸŸ¢ Very Low Risk â€“ No action
2452289,35.0,,ðŸŸ¢ Very Low Risk â€“ No action
2453657,17.0,,ðŸŸ¢ Very Low Risk â€“ No action
2455066,34.0,,ðŸŸ¢ Very Low Risk â€“ No action
2455578,36.0,,ðŸŸ¢ Very Low Risk â€“ No action
2459051,7.0,,ðŸŸ¢ Very Low Risk â€“ No action
2460002,7.0,,ðŸŸ¢ Very Low Risk â€“ No action
2463213,38.0,,ðŸŸ¢ Very Low Risk â€“ No action
2463950,34.0,,ðŸŸ¢ Very Low Risk â€“ No action
2464683,38.0,,ðŸŸ¢ Very Low Risk â€“ No action
2465209,4.0,,ðŸŸ¢ Very Low Risk â€“ No action
2468280,31.0,,ðŸŸ¢ Very Low Risk â€“ No action
2468706,38.0,,ðŸŸ¢ Very Low Risk â€“ No action
2473780,35.0,,ðŸŸ¢ Very Low Risk â€“ No action
2510414,29.0,,ðŸŸ¢ Very Low Risk â€“ No action
2512392,38.0,,ðŸŸ¢ Very Low Risk â€“ No action
2514379,37.0,,ðŸŸ¢ Very Low Risk â€“ No action
2518589,0.5,,ðŸŸ¢ Very Low Risk â€“ No action
2528352,18.0,,ðŸŸ¢ Very Low Risk â€“ No action
2529306,34.0,,ðŸŸ¢ Very Low Risk â€“ No action
2532647,34.0,,ðŸŸ¢ Very Low Risk â€“ No action
2539858,37.0,,ðŸŸ¢ Very Low Risk â€“ No action
2540724,38.0,,ðŸŸ¢ Very Low Risk â€“ No action
2544448,22.0,,ðŸŸ¢ Very Low Risk â€“ No action
2545488,5.0,,ðŸŸ¢ Very Low Risk â€“ No action
2550290,29.0,,ðŸŸ¢ Very Low Risk â€“ No action
2553890,38.0,,ðŸŸ¢ Very Low Risk â€“ No action
2557885,3.0,,ðŸŸ¢ Very Low Risk â€“ No action
2564744,30.0,,ðŸŸ¢ Very Low Risk â€“ No action
2567158,37.0,,ðŸŸ¢ Very Low Risk â€“ No action
2573353,15.0,,ðŸŸ¢ Very Low Risk â€“ No action
2575994,33.0,,ðŸŸ¢ Very Low Risk â€“ No action
2578802,35.0,,ðŸŸ¢ Very Low Risk â€“ No action
2579673,21.0,,ðŸŸ¢ Very Low Risk â€“ No action
2583791,37.0,,ðŸŸ¢ Very Low Risk â€“ No action
2584834,38.0,,ðŸŸ¢ Very Low Risk â€“ No action
2585937,30.0,,ðŸŸ¢ Very Low Risk â€“ No action
2587329,38.0,,ðŸŸ¢ Very Low Risk â€“ No action
2588742,36.0,,ðŸŸ¢ Very Low Risk â€“ No action
2591421,37.0,,ðŸŸ¢ Very Low Risk â€“ No action
2607641,38.0,,ðŸŸ¢ Very Low Risk â€“ No action
2617839,34.0,,ðŸŸ¢ Very Low Risk â€“ No action
2619107,34.0,,ðŸŸ¢ Very Low Risk â€“ No action
2620279,18.0,,ðŸŸ¢ Very Low Risk â€“ No action
2625315,14.0,,ðŸŸ¢ Very Low Risk â€“ No action
2631545,2.0,,ðŸŸ¢ Very Low Risk â€“ No action
2638377,37.0,,ðŸŸ¢ Very Low Risk â€“ No action
2638818,37.0,,ðŸŸ¢ Very Low Risk â€“ No action
2642717,37.0,,ðŸŸ¢ Very Low Risk â€“ No action
2656860,6.0,,ðŸŸ¢ Very Low Risk â€“ No action
2662716,15.0,,ðŸŸ¢ Very Low Risk â€“ No action
2664036,3.0,,ðŸŸ¢ Very Low Risk â€“ No action
2680344,38.0,,ðŸŸ¢ Very Low Risk â€“ No action
2680885,29.0,,ðŸŸ¢ Very Low Risk â€“ No action
2691100,37.0,,ðŸŸ¢ Very Low Risk â€“ No action
2691566,35.0,,ðŸŸ¢ Very Low Risk â€“ No action
